真实值,预测值,短信内容
0,0,Good morning princess! Happy New Year!
0,0,"Good afternoon, my love. It was good to see your words on YM and get your tm. Very smart move, my slave ... *smiles* ... I drink my coffee and await you."
1,1,1st wk FREE! Gr8 tones str8 2 u each wk. Txt NOKIA ON to 8007 for Classic Nokia tones or HIT ON to 8007 for Polys. Nokia/150p Poly/200p 16+
1,1,"You have won ?1,000 cash or a ?2,000 prize! To claim, call09050000327"
0,0,"Bill, as in: Are there any letters for me. iÛªm expecting one from orange that isnÛªt a bill but may still say orange on it."
0,0,Purity of friendship between two is not about smiling after reading the forwarded message..Its about smiling just by seeing the name. Gud evng
0,0,Eat at old airport road... But now 630 oredi... Got a lot of pple...
0,0,May i call You later Pls
0,0,"K, jason says he's gonna be around so I'll be up there around  &lt;#&gt;"
0,0,No we sell it all so we'll have tons if coins. Then sell our coins to someone thru paypal. Voila! Money back in life pockets:)
0,0,Take something for pain. If it moves however to any side in the next 6hrs see a doctor.
1,1,ringtoneking 84484
0,0,Whatsup there. Dont u want to sleep
0,0,Then ur sis how?
0,0,"Dont search love, let love find U. Thats why its called falling in love, bcoz U dont force yourself, U just fall and U know there is smeone to hold U... BSLVYL"
0,0,What can i do? Might accidant tookplace between somewhere ghodbandar rd. Traffic moves slovely. So plz slip &amp; don't worry.
0,0,"Solve d Case : A Man Was Found Murdered On  &lt;DECIMAL&gt; . &lt;#&gt;  AfterNoon. 1,His wife called Police. 2,Police questioned everyone. 3,Wife: Sir,I was sleeping, when the murder took place. 4.Cook: I was cooking. 5.Gardener: I was picking vegetables. 6.House-Maid: I went 2 d post office. 7.Children: We went 2 play. 8.Neighbour: We went 2 a marriage. Police arrested d murderer Immediately. Who's It? Reply With Reason, If U r Brilliant."
0,0,I cant wait to see you! How were the photos were useful? :)
0,0,I wish u were here. I feel so alone
0,0,Yup i'm free...
0,0,"Yeah that's what I thought, lemme know if anything's goin on later"
0,0,So why didnt you holla?
0,0,Usually the body takes care of it buy making sure it doesnt progress. Can we pls continue this talk on saturday.
1,1,We tried to contact you re your reply to our offer of a Video Handset? 750 anytime any networks mins? UNLIMITED TEXT? Camcorder? Reply or call 08000930705 NOW
0,0,Just sent it. So what type of food do you like?
0,0,"Ya, i'm referin to mei's ex wat... No ah, waitin 4 u to treat, somebody shld b rich liao...So gd, den u dun have to work frm tmr onwards..."
0,0,Oh yeah! And my diet just flew out the window
0,0,Your opinion about me? 1. Over 2. Jada 3. Kusruthi 4. Lovable 5. Silent 6. Spl character 7. Not matured 8. Stylish 9. Simple Pls reply..
0,0,"Call me da, i am waiting for your call."
0,0,"Hi, my love! How goes that day? Fuck, this morning I woke and dropped my cell on the way down the stairs but it seems alright ... *phews* I miss you !"
0,0,"Hey elaine, is today's meeting still on?"
0,0,Wish u many many returns of the day.. Happy birthday vikky..
0,0,You will be in the place of that man
0,0,Waiting for your call.
0,0,"Nt only for driving even for many reasons she is called BBD..thts it chikku, then hw abt dvg cold..heard tht vinobanagar violence hw is the condition..and hw ru ? Any problem?"
1,0,Dear Voucher Holder 2 claim your 1st class airport lounge passes when using Your holiday voucher call 08704439680. When booking quote 1st class x 2
0,0,Can you say what happen
0,0,I just lov this line: \Hurt me with the truth
0,0,Who u talking about?
0,0,If you r @ home then come down within 5 min
0,0,Will you be here for food
0,0,Yo theres no class tmrw right?
0,0,\Its Ur luck to Love someone. Its Ur fortune to Love the one who Loves U. But
0,0,Yes. Please leave at  &lt;#&gt; . So that at  &lt;#&gt;  we can leave
1,1,Get ur 1st RINGTONE FREE NOW! Reply to this msg with TONE. Gr8 TOP 20 tones to your phone every week just å£1.50 per wk 2 opt out send STOP 08452810071 16
0,0,"Storming msg: Wen u lift d phne, u say \HELLO\"" Do u knw wt is d real meaning of HELLO?? . . . It's d name of a girl..! . . . Yes.. And u knw who is dat girl?? \""Margaret Hello\"" She is d girlfrnd f Grahmbell who invnted telphone... . . . . Moral:One can 4get d name of a person"
0,0,How u doin baby girl ?? hope u are okay every time I call ure phone is off! I miss u get in touch
1,1,"URGENT!: Your Mobile No. was awarded a å£2,000 Bonus Caller Prize on 02/09/03! This is our 2nd attempt to contact YOU! Call 0871-872-9755 BOX95QU"
0,0,Please attend the phone:)
0,0,I'm very happy for you babe ! Woo hoo party on dude!
0,0,Yes princess! I want to make you happy...
0,0,HI DARLIN I HOPE YOU HAD A NICE NIGHT I WISH I HAD COME CANT WAIT TO SEE YOU LOVE FRAN PS I WANT DIRTY ANAL SEX AND I WANT A 10 MAN GANG BANG
0,0,Thanks for sending this mental ability question..
0,0,You'd like that wouldn't you? Jerk!
0,0,Oops my phone died and I didn't even know. Yeah I like it better.
0,0,We not leaving yet. Ok lor then we go elsewhere n eat. U thk...
0,0,As per your request 'Melle Melle (Oru Minnaminunginte Nurungu Vettam)' has been set as your callertune for all Callers. Press *9 to copy your friends Callertune
0,0,In e msg jus now. U said thanks for gift.
0,0,Mind blastin.. No more Tsunamis will occur from now on.. Rajnikant stopped swimming in Indian Ocean..:-D
0,0,Understand. his loss is my gain :) so do you work? School?
0,0,Do you know when the result.
0,0,"Just checked out, heading out to drop off my stuff now"
0,0,"Well, I meant as opposed to my drunken night of before"
0,0,Dunno he jus say go lido. Same time 930.
0,0,I luv u soo much u donåÕt understand how special u r 2 me ring u 2morrow luv u xxx
1,1,"URGENT! Your Mobile No was awarded a å£2,000 Bonus Caller Prize on 1/08/03! This is our 2nd attempt to contact YOU! Call 0871-4719-523 BOX95QU BT National Rate"
0,0,I wish! I don't think its gonna snow that much. But it will be more than those flurries we usually get that melt before they hit the ground. Eek! We haven't had snow since &lt;#&gt; before I was even born!
1,1,Todays Voda numbers ending with 7634 are selected to receive a å£350 reward. If you have a match please call 08712300220 quoting claim code 7684 standard rates apply.
0,0,This pain couldn't have come at a worse time.
0,0,Wat happened to the cruise thing
0,0,Not tonight mate. Catching up on some sleep. This is my new number by the way. 
0,0,Yes.he have good crickiting mind
0,0,"Good afternoon loverboy ! How goes you day ? Any luck come your way? I think of you, sweetie and send my love across the sea to make you smile and happy"
0,0,"No! But we found a diff farm shop to buy some cheese. On way back now, can i call in?"
0,0,Lol great now im getting hungry.
0,0,Prepare to be pounded every night...
0,0,"Awesome question with a cute answer: Someone asked a boy \how is ur life?\"" . . He smiled &amp; answered: . . \""She is fine!\"" Gudnite"""
0,0,Jay's getting really impatient and belligerent
1,1,Hi 07734396839 IBH Customer Loyalty Offer: The NEW NOKIA6600 Mobile from ONLY å£10 at TXTAUCTION!Txt word:START to No:81151 & get Yours Now!4T&
0,0,Sary just need Tim in the bollox &it hurt him a lot so he tol me!
0,0,I thk 530 lor. But dunno can get tickets a not. Wat u doing now?
0,0,Ok. How many should i buy.
0,0,Never blame a day in ur life. Good days give u happiness. Bad days give u experience. Both are essential in life! All are Gods blessings! good morning.:
0,0,Love has one law; Make happy the person you love. In the same way friendship has one law; Never make ur friend feel alone until you are alive.... Gud night
0,0,Reckon need to be in town by eightish to walk from * carpark.
0,1,No pic. Please re-send.
0,0,"Dizzamn, aight I'll ask my suitemates when I get back"
0,0,Water logging in desert. Geoenvironmental implications.
0,0,"Yes, princess. Toledo."
0,0,Thats cool. i liked your photos. You are very sexy!
1,1,URGENT! Your Mobile number has been awarded with a å£2000 Bonus Caller Prize. Call 09058095201 from land line. Valid 12hrs only
0,0,No no:)this is kallis home ground.amla home town is durban:)
0,0,I can do that! I want to please you both inside and outside the bedroom...
0,0,Huh y lei...
0,0,"Jus chillaxin, what up"
0,0,"Thanks da thangam, i feel very very happy dear. I also miss you da."
0,0,Tmrw. Im finishing 9 doors
0,0,IÛ÷ll have a look at the frying pan in case itÛ÷s cheap or a book perhaps. No thatÛ÷s silly a frying pan isnÛ÷t likely to be a book
0,0,3 pa but not selected.
0,0,Just haven't decided where yet eh ?
0,0,Don know:)this week i'm going to tirunelvai da.
0,0,Yes :)it completely in out of form:)clark also utter waste.
0,0,Guess which pub im in? Im as happy as a pig in clover or whatever the saying is! 
1,1,You have WON a guaranteed å£1000 cash or a å£2000 prize. To claim yr prize call our customer service representative on 08714712379 between 10am-7pm Cost 10p
0,0,Sorry that was my uncle. I.ll keep in touch
0,0,"I know where the  &lt;#&gt;  is, I'll be there around 5"
0,0,"Ya, told..she was asking wats matter?"
0,0,Going for dinner.msg you after.
0,0,Lol ok ill try to send. Be warned Sprint is dead slow. You'll prolly get it tomorrow
0,0,\Hey sorry I didntgive ya a a bellearlier hunny
0,0,Wat makes u thk i'll fall down. But actually i thk i'm quite prone 2 falls. Lucky my dad at home i ask him come n fetch me already.
0,0,"How's my loverboy doing ? What does he do that keeps him from coming to his Queen, hmmm ? Doesn't he ache to speak to me ? Miss me desparately ?"
0,0,U still painting ur wall?
0,0,Nope... C Ì_ then...
0,0,Even my brother is not like to speak with me. They treat me like aids patent.
0,0,Okay same with me. Well thanks for the clarification
0,0,Will you come online today night
0,0,In meeting da. I will call you
0,0,"I wonder if your phone battery went dead ? I had to tell you, I love you babe"
0,0,Can you pls send me that company name. In saibaba colany
0,0,"Honeybee Said: *I'm d Sweetest in d World* God Laughed &amp; Said: *Wait,U Havnt Met d Person Reading This Msg* MORAL: Even GOD Can Crack Jokes! GM+GN+GE+GN:)"
0,0,Yupz... I've oredi booked slots 4 my weekends liao... 
1,1,"Rock yr chik. Get 100's of filthy films &XXX pics on yr phone now. rply FILTH to 69669. Saristar Ltd, E14 9YT 08701752560. 450p per 5 days. Stop2 cancel"
0,0,"I'm in a meeting, call me later at"
0,0,And miss vday the parachute and double coins??? U must not know me very well...
0,0,Did u fix the teeth?if not do it asap.ok take care.
1,1,SMS AUCTION - A BRAND NEW Nokia 7250 is up 4 auction today! Auction is FREE 2 join & take part! Txt NOKIA to 86021 now! HG/Suite342/2Lands Row/W1J6HL
1,1,"WIN: We have a winner! Mr. T. Foley won an iPod! More exciting prizes soon, so keep an eye on ur mobile or visit www.win-82050.co.uk"
0,0,I'm home. Doc gave me pain meds says everything is fine.
0,0,I don't think he has spatula hands!
0,0,"Dude u knw also telugu..thts gud..k, gud nyt.."
0,0,"Nothing. I meant that once the money enters your account here, the bank will remove its flat rate. Someone transfered  &lt;#&gt;  to my account and  &lt;#&gt; dollars got removed. So the banks differ and charges also differ.be sure you trust the 9ja person you are sending account details to cos..."
0,0,Cramps stopped. Going back to sleep
0,0,"So check your errors and if you had difficulties, do correction."
0,0,\CAN I PLEASE COME UP NOW IMIN TOWN.DONTMATTER IF URGOIN OUTL8R
0,0,10 min later k...
0,0,"TODAY is Sorry day.! If ever i was angry with you, if ever i misbehaved or hurt you? plz plz JUST SLAP URSELF Bcoz, Its ur fault, I'm basically GOOD"
0,0,"K, I might come by tonight then if my class lets out early"
0,0,Ok lor.
0,0,Noooooooo please. Last thing I need is stress. For once in your life be fair.
0,0,Ok
0,0,"Haven't seen my facebook, huh? Lol!"
0,0,Thats cool. Where should i cum? On you or in you? :)
0,0,On the road so cant txt
0,0,Did you see that film:)
0,1,Jordan got voted out last nite!
0,0,K.:)do it at evening da:)urgent:)
0,0,Hey i will be really pretty late... You want to go for the lesson first? I will join you. I'm only reaching tp mrt
0,0,Not yet chikku..wat abt u?
0,0,Oh is it? Send me the address
0,0,How are you doing? Hope you've settled in for the new school year. Just wishin you a gr8 day
0,0,Are you up for the challenge? I know i am :)
0,0,Wif my family booking tour package.
0,0,Good words.... But words may leave u in dismay many times.
0,0,Yar but they say got some error.
0,0,Doesn't g have class early tomorrow and thus shouldn't be trying to smoke at  &lt;#&gt;
0,0,"Hi, wlcome back, did wonder if you got eaten by a lion or something, nothing much"
0,0,Yes da. Any plm at ur office
0,0,Dunno lei shd b driving lor cos i go sch 1 hr oni.
0,0,That's one of the issues but california is okay. No snow so its manageable
0,0,There bold 2  &lt;#&gt; . Is that yours
0,0,How much you got for cleaning
1,1,Customer Loyalty Offer:The NEW Nokia6650 Mobile from ONLY å£10 at TXTAUCTION! Txt word: START to No: 81151 & get yours Now! 4T&Ctxt TC 150p/MTmsg
1,1,"Congrats 2 mobile 3G Videophones R yours. call 09063458130 now! videochat wid ur mates, play java games, Dload polypH music, noline rentl. bx420. ip4. 5we. 150p"
1,1,goldviking (29/M) is inviting you to be his friend. Reply YES-762 or NO-762 See him: www.SMS.ac/u/goldviking STOP? Send STOP FRND to 62468
1,1,Hi if ur lookin 4 saucy daytime fun wiv busty married woman Am free all next week Chat now 2 sort time 09099726429 JANINExx Callså£1/minMobsmoreLKPOBOX177HP51FL
0,0,Ok. C u then.
0,0,Going to take your babe out ?
0,0,Love it! The girls at the office may wonder why you are smiling but sore...
0,0,Ok i will tell her to stay out. Yeah its been tough but we are optimistic things will improve this month.
0,0,You are a great role model. You are giving so much and i really wish each day for a miracle but God as a reason for everything and i must say i wish i knew why but i dont. I've looked up to you since i was young and i still do. Have a great day.
0,0,Po de :-):):-):-):-). No need job aha.
0,0,Yes. Last  practice
0,0,Need a coffee run tomo?Can't believe it's that time of week already
0,0,Still in the area of the restaurant. Ill try to come back soon
0,0,"Send ur birthdate with month and year, I will tel u ur LIFE PARTNER'S name. and the method of calculation. Reply must."
0,0,Cab is available.they pick up and drop at door steps.
0,0,"I love you !!! You know? Can you feel it? Does it make your belly warm? I wish it does, my love ... I shall meet you in your dreams, Ahmad ... *adoring kiss*"
0,0,"As usual..iam fine, happy &amp; doing well..:)"
0,0,I'm at home. Please call
0,0,Dai what this da.. Can i send my resume to this id.
0,0,Wat time u finish ur lect today?
0,0,Tmr timin still da same wat cos i got lesson until 6...
0,0,Hey so this sat are we going for the intro pilates only? Or the kickboxing too? 
0,0,Yo you guys ever figure out how much we need for alcohol? Jay and I are trying to figure out how much we can safely spend on weed
0,0,Did u got that persons story
0,0,Also remember to get dobby's bowl from your car
1,1,"Download as many ringtones as u like no restrictions, 1000s 2 choose. U can even send 2 yr buddys. Txt Sir to 80082 å£3 "
0,0,Havent still waitin as usual... ÌÏ come back sch oredi?
0,0,I'm awake oh. What's up.
0,0,"Enjoy the showers of possessiveness poured on u by ur loved ones, bcoz in this world of lies, it is a golden gift to be loved truly.."
0,0,Lol please do. Actually send a pic of yourself right now. I wanna see. Pose with a comb and hair dryer or something.
0,0,Ok can...
0,0,Oh god i am happy to see your message after 3 days
0,0,"Yeah, we can probably swing by once my roommate finishes up with his girl"
1,1,Bought one ringtone and now getting texts costing 3 pound offering more tones etc
0,0,Hi.what you think about match?
0,0,Smile in Pleasure Smile in Pain Smile when trouble pours like Rain Smile when sum1 Hurts U Smile becoz SOMEONE still Loves to see u Smiling!!
0,0,"Mmmmmm ... I love you,so much, Ahmad ... I can't wait for this year to begin as every second takes me closer to being at your side. Happy New Year, my love!!"
0,0,Yes there were many sweets
0,0,Then she buying today? ÌÏ no need to c meh...
0,0,Yep then is fine 7.30 or 8.30 for ice age.
0,0,Yeah. I got a list with only u and Joanna if I'm feeling really anti social
1,1,URGENT! Your Mobile number has been awarded with a å£2000 prize GUARANTEED. Call 09061790126 from land line. Claim 3030. Valid 12hrs only 150ppm
0,0,Dear reached railway. What happen to you
0,0,Ok i juz receive..
0,0,Nvm it's ok...
1,1,FREE entry into our å£250 weekly comp just send the word ENTER to 84128 NOW. 18 T&C www.textcomp.com cust care 08712405020.
0,0,He remains a bro amongst bros
0,0,"Mum, i've sent you many many messages since i got here. I just want to know that you are actually getting them. Do enjoy the rest of your day."
1,0,"Do you realize that in about 40 years, we'll have thousands of old ladies running around with tattoos?"
1,1,Your weekly Cool-Mob tones are ready to download !This weeks new Tones include: 1) Crazy Frog-AXEL F>>> 2) Akon-Lonely>>> 3) Black Eyed-Dont P >>>More info in n
0,0,I love to wine and dine my lady!
1,1,"Loan for any purpose å£500 - å£75,000. Homeowners + Tenants welcome. Have you been previously refused? We can still help. Call Free 0800 1956669 or text back 'help'"
0,0,Did u download the fring app?
0,0,Oh k...i'm watching here:)
0,0,What time do u get out?
1,1,I'd like to tell you my deepest darkest fantasies. Call me 09094646631 just 60p/min. To stop texts call 08712460324 (nat rate)
1,1,Guess what! Somebody you know secretly fancies you! Wanna find out who it is? Give us a call on 09065394514 From Landline DATEBox1282EssexCM61XN 150p/min 18
0,0,No da:)he is stupid da..always sending like this:)don believe any of those message.pandy is a mental:)
0,0,I've sent Ì_ my part..
0,0,HI DARLIN IM MISSIN U HOPE YOU ARE HAVING A GOOD TIME. WHEN ARE U BACK AND WHAT TIME IF U CAN GIVE ME A CALL AT HOME. JESS XX
1,1,Call Germany for only 1 pence per minute! Call from a fixed line via access number 0844 861 85 85. No prepayment. Direct access! www.telediscount.co.uk
0,0,I know that my friend already told that.
0,0,"Yeah we wouldn't leave for an hour at least, how's 4 sound?"
0,0,Wake me up at  &lt;#&gt;  am morning:)
0,0,"Very strange.  and  are watching the 2nd one now but i'm in bed. Sweet dreams, miss u "
1,1,UR GOING 2 BAHAMAS! CallFREEFONE 08081560665 and speak to a live operator to claim either Bahamas cruise ofå£2000 CASH 18+only. To opt out txt X to 07786200117
0,0,"Haha, that was the first person I was gonna ask"
0,0,"Princess, is your kitty shaved or natural?"
0,0,Wat time Ì_ wan today?
0,0,I'm ok. Will do my part tomorrow
1,1,"Romantic Paris. 2 nights, 2 flights from å£79 Book now 4 next year. Call 08704439680Ts&Cs apply."
0,0,Is ur changes 2 da report big? Cos i've already made changes 2 da previous report.
0,0,Great! I hope you like your man well endowed. I am  &lt;#&gt;  inches...
1,1,Hi. Customer Loyalty Offer:The NEW Nokia6650 Mobile from ONLY å£10 at TXTAUCTION! Txt word: START to No: 81151 & get yours Now! 4T&Ctxt TC 150p/MTmsg
0,0,"Rose for red,red for blood,blood for heart,heart for u. But u for me.... Send tis to all ur friends.. Including me.. If u like me.. If u get back, 1-u r poor in relation! 2-u need some 1 to support 3-u r frnd 2 many 4-some1 luvs u 5+- some1 is praying god to marry u.:-) try it...."
0,0,"Yetunde, i'm sorry but moji and i seem too busy to be able to go shopping. Can you just please find some other way to get what you wanted us to get. Please forgive me. You can reply free via yahoo messenger."
0,0,So what about you. What do you remember
0,0,Actually getting ready to leave the house.
0,0,Yes i think so. I am in office but my lap is in room i think thats on for the last few days. I didnt shut that down
0,0,Wife.how she knew the time of murder exactly
1,1,We tried to contact you re your reply to our offer of a Video Phone 750 anytime any network mins Half Price Line Rental Camcorder Reply or call 08000930705
0,0,They will pick up and drop in car.so no problem..
0,0,"Urgh, coach hot, smells of chip fat! Thanks again, especially for the duvet (not a predictive text word)."
0,0,Now only i reached home. . . I am very tired now. . I will come tomorro
0,0,Moji i love you more than words. Have a rich day
1,1,Your unique user ID is 1172. For removal send STOP to 87239 customer services 08708034412
0,0,ÌÏ come lt 25 n pass to me lar
0,0,"It's cool, we can last a little while. Getting more any time soon?"
0,0,This phone has the weirdest auto correct.
1,1,Please call our customer service representative on FREEPHONE 0808 145 4742 between 9am-11pm as you have WON a guaranteed å£1000 cash or å£5000 prize!
0,0,Oh sorry please its over
0,0,Ok i shall talk to him
0,0,I dont. Can you send it to me. Plus how's mode.
0,0,Ya! when are Ì_ taking ure practical lessons? I start in june..  
0,0,Thanx...
0,0,Nvm take ur time.
0,0,Why she wants to talk to me
0,0,Oh god..taken the teeth?is it paining
1,1,You have won a guaranteed å£200 award or even å£1000 cashto claim UR award call free on 08000407165 (18+) 2 stop getstop on 88222 PHP. RG21 4JX
0,0,I wont touch you with out your permission.
0,0,Neshanth..tel me who r u?
0,0,He remains a bro amongst bros
0,0,You do what all you like
0,0,Here got lots of hair dresser fr china.
0,0,"Nah I don't think he goes to usf, he lives around here though"
0,0,"TODAY is Sorry day.! If ever i was angry with you, if ever i misbehaved or hurt you? plz plz JUST SLAP URSELF Bcoz, Its ur fault, I'm basically GOOD"
0,0,Stop the story. I've told him i've returned it and he's saying i should not re order it.
0,0,Gud ni8.swt drms.take care
0,0,Hai dear friends... This is my new &amp; present number..:) By Rajitha Raj (Ranju)
0,0,Ho ho - big belly laugh! See ya tomo
0,0,HIYA COMIN 2 BRISTOL 1 ST WEEK IN APRIL. LES GOT OFF + RUDI ON NEW YRS EVE BUT I WAS SNORING.THEY WERE DRUNK! U BAK AT COLLEGE YET? MY WORK SENDS INK 2 BATH.
0,0,Crazy ar he's married. ÌÏ like gd looking guys not me. My frens like say he's korean leona's fave but i dun thk he is. Aft some thinking mayb most prob i'll go.
0,0,Ok lor...
0,0,"Okey dokey, iÛ÷ll be over in a bit just sorting some stuff out."
0,0,Sorry for the delay. Yes masters
0,0,Ugh fuck it I'm resubbing to eve
0,0,I told that am coming on wednesday.
1,0,Sorry I missed your call let's talk when you have the time. I'm on 07090201529
0,0,No message..no responce..what happend?
0,0,Why you Dint come with us.
0,0,"Sorry, I'll call later"
0,0,Ok Chinese food on its way. When I get fat you're paying for my lipo.
0,0,Mystery solved! Just opened my email and he's sent me another batch! Isn't he a sweetie
0,0,Aiyah e rain like quite big leh. If drizzling i can at least run home.
0,0,"Alright, I'll head out in a few minutes, text me where to meet you"
1,1,URGENT! We are trying to contact U. Todays draw shows that you have won a å£800 prize GUARANTEED. Call 09050001295 from land line. Claim A21. Valid 12hrs only
0,0,Also hi wesley how've you been
1,1,Reply to win å£100 weekly! What professional sport does Tiger Woods play? Send STOP to 87239 to end service
0,0,I know but you need to get hotel now. I just got my invitation but i had to apologise. Cali is to sweet for me to come to some english bloke's weddin
0,0,Dear got train and seat mine lower seat
0,0,From 5 to 2 only my work timing.
1,1,Free 1st week entry 2 TEXTPOD 4 a chance 2 win 40GB iPod or å£250 cash every wk. Txt VPOD to 81303 Ts&Cs www.textpod.net custcare 08712405020.
0,0,ZOE IT JUST HIT ME 2 IM FUCKING SHITIN MYSELF IL DEFO TRY MY HARDEST 2 CUM 2MOROW LUV U MILLIONS LEKDOG
1,1,* FREE* POLYPHONIC RINGTONE Text SUPER to 87131 to get your FREE POLY TONE of the week now! 16 SN PoBox202 NR31 7ZS subscription 450pw
0,0,"Aight fuck it, I'll get it later"
0,0,"Honey ? Sweetheart ? Darling ? Sexy buns ? Sugar plum ? Loverboy ? I miss you, boytoy ... *smacks your ass* Did you go to the gym too ?"
1,1,"This is the 2nd attempt to contract U, you have won this weeks top prize of either å£1000 cash or å£200 prize. Just call 09066361921"
1,1,Congrats! Nokia 3650 video camera phone is your Call 09066382422 Calls cost 150ppm Ave call 3mins vary from mobiles 16+ Close 300603 post BCM4284 Ldn WC1N3XX
0,0,Just got up. have to be out of the room very soon. Û_. i hadn't put the clocks back til at 8 i shouted at everyone to get up and then realised it was 7. wahay. another hour in bed.
0,0,watever reLation u built up in dis world only thing which remains atlast iz lonlines with lotz n lot memories! feeling..
0,0,HAPPY NEW YEAR MY NO.1 MAN
0,0,Come to medical college at 7pm ......forward it da
0,0,Dont kick coco when he's down
1,1,Free entry in 2 a wkly comp to win FA Cup final tkts 21st May 2005. Text FA to 87121 to receive entry question(std txt rate)T&C's apply 08452810075over18's
0,0,"Haha awesome, omw back now then"
0,0,I'm still pretty weak today .. Bad day ?
0,0,Good Morning my Dear........... Have a great &amp; successful day.
0,0,"Tyler (getting an 8th) has to leave not long after 9, can you get here in like an hour?"
0,0,Yup... I havent been there before... You want to go for the yoga? I can call up to book 
0,0,Probably a couple hours tops
0,0,"Yeah, I'll leave in a couple minutes &amp; let you know when I get to mu"
0,0,My uncles in Atlanta. Wish you guys a great semester.
0,0,I can't describe how lucky you are that I'm actually awake by noon
1,1,Wanna get laid 2nite? Want real Dogging locations sent direct to ur mobile? Join the UK's largest Dogging Network. Txt PARK to 69696 now! Nyt. ec2a. 3lp å£1.50/msg
0,0,S da..al r above  &lt;#&gt;
0,0,Its a part of checking IQ
0,0,Think + da. You wil do.
0,0,Still at west coast... Haiz... ÌÏ'll take forever to come back...
0,0,As per your request 'Melle Melle (Oru Minnaminunginte Nurungu Vettam)' has been set as your callertune for all Callers. Press *9 to copy your friends Callertune
0,0,I love you. You set my soul on fire. It is not just a spark. But it is a flame. A big rawring flame. XoXo
0,0,Should i send you naughty pix? :)
0,0,Nope but i'm going home now then go pump petrol lor... Like going 2 rain soon...
0,0,Yes see ya not on the dot
0,0,Lol boo I was hoping for a laugh
0,0,So when do you wanna gym harri
0,0,"Better than bb. If he wont use it, his wife will or them doctor"
0,0,Should I be stalking u?
0,0,Oi when you gonna ring
0,0,Hmm ill have to think about it... ok you're forgiven! =D
0,0,Oh...i asked for fun. Haha...take care. Ì_
0,0,This is ur face test ( 1 2 3 4 5 6 7 8 9  &lt;#&gt;  ) select any number i will tell ur face astrology.... am waiting. quick reply...
0,0,We'll you pay over like  &lt;#&gt; yrs so its not too difficult
0,0,Babe !!!! I LOVE YOU !!!! *covers your face in kisses*
0,0,MY NO. IN LUTON 0125698789 RING ME IF UR AROUND! H*
0,0,Good day to You too.Pray for me.Remove the teeth as its painful maintaining other stuff.
0,0,Good night. Am going to sleep.
0,0,Ok how you dear. Did you call chechi
0,0,Is there coming friday is leave for pongal?do you get any news from your work place.
0,0,Serious? What like proper tongued her
0,0,Cant think of anyone with * spare room off * top of my head
1,1,Do you want a NEW video phone750 anytime any network mins 150 text for only five pounds per week call 08000776320 now or reply for delivery tomorrow
0,0,U say leh... Of course nothing happen lar. Not say v romantic jus a bit only lor. I thk e nite scenery not so nice leh.
0,0,I'm vivek:)i got call from your number.
0,0,"Can you pls pls send me a mail on all you know about relatives coming to deliver here? All you know about costs, risks, benefits and anything else. Thanks."
0,0,Glad to see your reply.
0,0,"Ha ha nan yalrigu heltini..Iyo kothi chikku, u shared many things wit me..so far i didn't told any body and even uttered a word abt u.. If ur trusting me so much how can i tell these to others.. Plz nxt time dont use those words to me..ok, chikku:-);-)B-)"
0,0,What time you thinkin of goin?
0,0,I think you should go the honesty road. Call the bank tomorrow. Its the tough decisions that make us great people.
0,0,"Wow ... I love you sooo much, you know ? I can barely stand it ! I wonder how your day goes and if you are well, my love ... I think of you and miss you"
1,1,"URGENT! Your mobile No *********** WON a å£2,000 Bonus Caller Prize on 02/06/03! This is the 2nd attempt to reach YOU! Call 09066362220 ASAP! BOX97N7QP, 150ppm"
0,0,Let me know how to contact you. I've you settled in a room. Lets know you are ok.
0,0,"Yep, at derek's house now, see you Sunday &lt;3"
0,0,jay says he'll put in  &lt;#&gt;
0,0,K come to nordstrom when you're done
0,0,"Anyway I don't think I can secure anything up here, lemme know if you want me to drive down south and chill"
0,0,"'An Amazing Quote'' - \Sometimes in life its difficult to decide whats wrong!! a lie that brings a smile or the truth that brings a tear....\"""""
0,0,I love u 2 babe! R u sure everything is alrite. Is he being an idiot? Txt bak girlie
0,0,Squeeeeeze!! This is christmas hug.. If u lik my frndshp den hug me back.. If u get 3 u r cute:) 6 u r luvd:* 9 u r so lucky;) None? People hate u:
0,0,"Now u sound like manky scouse boy steve,like! I is travelling on da bus home.wot has u inmind 4 recreation dis eve?"
0,0,That's a shame! Maybe cld meet for few hrs tomo?
0,0,I know girls always safe and selfish know i got it pa. Thank you. good night.
1,1,You have 1 new voicemail. Please call 08719181513.
1,1,"You are a å£1000 winner or Guaranteed Caller Prize, this is our Final attempt to contact you! To Claim Call 09071517866 Now! 150ppmPOBox10183BhamB64XE"
0,0,How come?
1,1,For sale - arsenal dartboard. Good condition but no doubles or trebles!
0,0,How's it going? Got any exciting karaoke type activities planned? I'm debating whether to play football this eve. Feeling lazy though.
1,1,Ringtone Club: Get the UK singles chart on your mobile each week and choose any top quality ringtone! This message is free of charge.
0,0,PICK UR FONE UP NOW U DUMB?
0,0,Great escape. I fancy the bridge but needs her lager. See you tomo 
0,0,Think you sent the text to the home phone. That cant display texts. If you still want to send it his number is
0,0,Then Ì_ wait 4 me at bus stop aft ur lect lar. If i dun c Ì_ then i go get my car then come back n pick Ì_.
0,0,No:-)i got rumour that you going to buy apartment in chennai:-)
0,0,The fact that you're cleaning shows you know why i'm upset. Your priority is constantly \what i want to do
0,0,Oh ok..
0,0,The greatest test of courage on earth is to bear defeat without losing heart....gn tc
0,0,"No worries, hope photo shoot went well. have a spiffing fun at workage. "
0,0,Good evening! How are you?
0,0,Meeting u is my work. . . Tel me when shall i do my work tomorrow
0,0,Hello- thanx for taking that call. I got a job! Starts on monday!
0,0,"Lol you forgot it eh ? Yes, I'll bring it in babe"
0,0,"chile, please! It's only a  &lt;DECIMAL&gt;  hour drive for me. I come down all the time and will be subletting feb-april for audition season."
0,0,"Sir, Waiting for your mail."
0,0,He dint tell anything. He is angry on me that why you told to abi.
0,0,"Well, i'm gonna finish my bath now. Have a good...fine night."
0,0,But my family not responding for anything. Now am in room not went to home for diwali but no one called me and why not coming. It makes me feel like died.
0,0,New car and house for my parents.:)i have only new job in hand:)
0,1,Unlimited texts. Limited minutes.
0,0,I called but no one pick up e phone. I ask both of them already they said ok.
0,0,Wanna do some art?! :D
0,0,Yar i wanted 2 scold u yest but late already... I where got zhong se qing you? If u ask me b4 he ask me then i'll go out w u all lor. N u still can act so real.
1,1,"Latest Nokia Mobile or iPOD MP3 Player +å£400 proze GUARANTEED! Reply with: WIN to 83355 now! Norcorp Ltd.å£1,50/Mtmsgrcvd18+"
0,0,Nationwide auto centre (or something like that) on Newport road. I liked them there
0,0,"Haha, my legs and neck are killing me and my amigos are hoping to end the night with a burn, think I could swing by in like an hour?"
0,0,"Beautiful Truth against Gravity.. Read carefully: \Our heart feels light when someone is in it.. But it feels very heavy when someone leaves it..\"" GOOD NIGHT"""
0,0,"K will do, addie &amp; I are doing some art so I'll be here when you get home"
0,0,One of the joys in lifeis waking up each daywith thoughts that somewhereSomeone cares enough tosend a warm morning greeting.. -
0,0,"Fyi I'm taking a quick shower, be at epsilon in like  &lt;#&gt;  min"
0,0,I've told you everything will stop. Just dont let her get dehydrated.
0,0,"Excellent, I'll see what riley's plans are"
0,0,"Thats a bit weird, even ?- where is the do supposed to be happening? But good idea, sure they will be in pub!"
0,0,"Yeah, don't go to bed, I'll be back before midnight"
0,0,Or ill be a little closer like at the bus stop on the same street
0,0,"Sorry I missed you babe. I was up late and slept in. I hope you enjoy your driving lesson, boytoy. I miss you too ... *teasing kiss*"
0,1,Have you laid your airtel line to rest?
0,0,Asking do u knw them or nt? May be ur frnds or classmates?
0,0,Hey morning what you come to ask:-) pa...
0,0,Ffffffffff. Alright no way I can meet up with you sooner?
0,0,Wah lucky man... Then can save money... Hee...
0,0,Ok lor. Msg me b4 u call.
1,1,+123 Congratulations - in this week's competition draw u have won the å£1450 prize to claim just call 09050002311 b4280703. T&Cs/stop SMS 08718727868. Over 18 only 150ppm
0,0,But i juz remembered i gotta bathe my dog today..
0,0,You've always been the brainy one.
0,0,"\ME 2 BABE I FEEL THE SAME LETS JUST 4GET ABOUT IT+BOTH TRY +CHEER UP+NOT FIT SOO MUCHXXLOVE U LOCAXX\"""""
0,0,Watching tv lor... Y she so funny we bluff her 4 wat. Izzit because she thk it's impossible between us?
1,0,Can U get 2 phone NOW? I wanna chat 2 set up meet Call me NOW on 09096102316 U can cum here 2moro Luv JANE xx Callså£1/minmoremobsEMSPOBox45PO139WA
1,1,"Customer service announcement. We recently tried to make a delivery to you but were unable to do so, please call 07090298926 to re-schedule. Ref:9307622"
0,0,Also remember the beads don't come off. Ever.
0,0,The monthly amount is not that terrible and you will not pay anything till 6months after finishing school.
0,1,From here after The performance award is calculated every two month.not for current one month period..
0,0,Ok then i will come to ur home after half an hour
0,0,Actually i'm waiting for 2 weeks when they start putting ad.
0,0,Hey cutie. How goes it? Here in WALES its kinda ok. There is like hills and shit but i still avent killed myself. 
0,0,"They said if its gonna snow, it will start around 8 or 9 pm tonite! They are predicting an inch of accumulation."
0,0,I am in escape theatre now. . Going to watch KAVALAN in a few minutes
0,0,Sorry. You never hear unless you book it. One was kinda a joke--thet were really looking for skinny white girls. The other was one line--you can only do so much on camera with that. Something like that they're casting on the look.
0,0,Hey you can pay. With salary de. Only  &lt;#&gt; .
0,0,Yes:)here tv is always available in work place..
0,0,"In case you wake up wondering where I am, I forgot I have to take care of something for grandma today, should be done before the parade"
0,0,"Idk. You keep saying that you're not, but since he moved, we keep butting heads over freedom vs. responsibility. And i'm tired. I have so much other shit to deal with that i'm barely keeping myself together once this gets added to it."
1,1,"If you don't, your prize will go to another customer. T&C at www.t-c.biz 18+ 150p/min Polo Ltd Suite 373 London W1J 6HL Please call back if busy"
0,0,Just sing HU. I think its also important to find someone female that know the place well preferably a citizen that is also smart to help you navigate through. Even things like choosing a phone plan require guidance. When in doubt ask especially girls.
0,0,I will be gentle baby! Soon you will be taking all  &lt;#&gt;  inches deep inside your tight pussy...
0,0,Well I might not come then...
0,0,"It's wylie, you in tampa or sarasota?"
0,0,"That's the trouble with classes that go well - you're due a dodgey one Û_ Expecting mine tomo! See you for recovery, same time, same place "
0,0,I told her I had a Dr appt next week. She thinks I'm gonna die. I told her its just a check. Nothing to be worried about. But she didn't listen.
0,0,It certainly puts things into perspective when something like this happens
0,0,Yeah like if it goes like it did with my friends imma flip my shit in like half an hour
0,0,Oh great. I.ll disturb him more so that we can talk.
0,0,7 at esplanade.. Do Ì_ mind giving me a lift cos i got no car today..
0,0,Thank god they are in bed!
0,0,somewhere out there beneath the pale moon light someone think in of u some where out there where dreams come true... goodnite &amp; sweet dreams
0,0,Er yep sure. Props?
0,0,K. Did you call me just now ah? 
0,0,Oh did you charge camera
1,1,Get the official ENGLAND poly ringtone or colour flag on yer mobile for tonights game! Text TONE or FLAG to 84199. Optout txt ENG STOP Box39822 W111WX å£1.50
0,0,Or u ask they all if next sat can a not. If all of them can make it then i'm ok lor.
0,0,"Sorry, I'll call later"
0,0,\HI BABE UAWAKE?FEELLIKW SHIT.JUSTFOUND OUT VIA ALETTER THATMUM GOTMARRIED 4thNOV.BEHIND OURBACKS åÐ FUCKINNICE!SELFISH
0,0,Desires- u going to doctor 4 liver. And get a bit stylish. Get ur hair managed. Thats it.
0,0,We took hooch for a walk toaday and i fell over! Splat! Grazed my knees and everything! Should have stayed at home! See you tomorrow! 
0,0,"I got like $ &lt;#&gt; , I can get some more later though. Get whatever you feel like"
0,0,This is wishing you a great day. Moji told me about your offer and as always i was speechless. You offer so easily to go to great lengths on my behalf and its stunning. My exam is next friday. After that i will keep in touch more. Sorry.
0,0,Yeah it's jus rite...
0,0,Hi dear we saw dear. We both are happy. Where you my battery is low
0,0,Yeh. Indians was nice. Tho it did kane me off a bit he he. We shud go out 4 a drink sometime soon. Mite hav 2 go 2 da works 4 a laugh soon. Love Pete x x
1,1,WINNER! As a valued network customer you hvae been selected to receive a å£900 reward! To collect call 09061701444. Valid 24 hours only. ACL03530150PM
0,1,I'm freezing and craving ice. Fml
0,0,I can make lasagna for you... vodka...
0,0,Dare i ask... Any luck with sorting out the car?
0,0,"Sorry that took so long, omw now"
1,1,Refused a loan? Secured or Unsecured? Can't get credit? Call free now 0800 195 6669 or text back 'help' & we will!
0,0,"Me also da, i feel yesterday night  wait til 2day night dear."
1,1,Talk sexy!! Make new friends or fall in love in the worlds most discreet text dating service. Just text VIP to 83110 and see who you could meet.
0,0,I got lousy sleep. I kept waking up every 2 hours to see if my cat wanted to come in. I worry about him when its cold :(
0,0,Discussed with your mother ah?
0,0,"Hello, my love. What are you doing? Did you get to that interview today? Are you you happy? Are you being a good boy? Do you think of me?Are you missing me ?"
0,0,"Turns out my friends are staying for the whole show and won't be back til ~ &lt;#&gt; , so feel free to go ahead and smoke that $ &lt;#&gt;  worth"
0,0,"Funny fact Nobody teaches volcanoes 2 erupt, tsunamis 2 arise, hurricanes 2 sway aroundn no 1 teaches hw 2 choose a wife Natural disasters just happens"
0,0,I have had two more letters from . I will copy them for you cos one has a message for you. Speak soon
0,0,Got but got 2 colours lor. One colour is quite light n e other is darker lor. Actually i'm done she's styling my hair now.
0,0,Honey boo I'm missing u.
0,0,You could have seen me..i did't recognise you Face.:)
0,0,Alex knows a guy who sells mids but he's down in south tampa and I don't think I could set it up before like 8
0,0,"Sorry, I can't text &amp; drive coherently, see you in twenty"
0,0,"Don't Think About \What u Have Got\"" Think About \""How to Use It That You Have Got\"" gooD ni8"""
0,0,Oh k.k..where did you take test?
0,0,Meet after lunch la...
0,0,"Yeah I think my usual guy's still passed out from last night, if you get ahold of anybody let me know and I'll throw down"
0,0,A cute thought for friendship: \Its not necessary to share every secret with ur close Frnd
0,0,I will vote for wherever my heart guides me
0,0,Eh u remember how 2 spell his name... Yes i did. He v naughty make until i v wet.
0,0,"Goodnight, sleep well da please take care pa. Please."
0,1,Which channel:-):-):):-).
0,0,Dear where you. Call me
0,0,K. I will sent it again
0,0,Check wid corect speling i.e. Sarcasm
0,0,Send to someone else :-)
0,0,"\NONE!NOWHERE IKNO DOESDISCOUNT!SHITINNIT\"""""
1,1,SMS SERVICES For your inclusive text credits pls gotto www.comuk.net login 3qxj9 unsubscribe with STOP no extra charge help 08702840625 comuk.220cm2 9AE
0,0,You best watch what you say cause I get drunk as a motherfucker
0,0,Just curious because my cuz asked what I was up to
0,0,Otherwise had part time job na-tuition..
0,0,The beauty of life is in next second.. which hides thousands of secrets. I wish every second will be wonderful in ur life...!! gud n8
0,0,U free on sat rite? U wan 2 watch infernal affairs wif me n darren n mayb xy?
1,1,No. 1 Nokia Tone 4 ur mob every week! Just txt NOK to 87021. 1st Tone FREE ! so get txtin now and tell ur friends. 150p/tone. 16 reply HL 4info
0,0,"Do you know why god created gap between your fingers..? So that, One who is made for you comes &amp; fills those gaps by holding your hand with LOVE..!"
0,0,Nvm... I'm going to wear my sport shoes anyway... I'm going to be late leh.
0,0,Hi there. We have now moved in2 our pub . Would be great 2 c u if u cud come up.
0,0,No problem with the renewal. I.ll do it right away but i dont know his details.
0,0,"Dunno, my dad said he coming home 2 bring us out 4 lunch. Yup i go w u lor. I call u when i reach school lor..."
0,0,No no. I will check all rooms befor activities
0,0,1. Tension face 2. Smiling face 3. Waste face 4. Innocent face 5.Terror face 6.Cruel face 7.Romantic face 8.Lovable face 9.decent face  &lt;#&gt; .joker face.
0,0,"Sorry, I'll call later"
0,0,Why nothing. Ok anyway give me treat
0,0,Yup. Izzit still raining heavily cos i'm in e mrt i can't c outside.
0,0,"\Happy valentines day\"" I know its early but i have hundreds of handsomes and beauties to wish. So i thought to finish off aunties and uncles 1st..."""
1,1,New TEXTBUDDY Chat 2 horny guys in ur area 4 just 25p Free 2 receive Search postcode or at gaytextbuddy.com. TXT ONE name to 89693. 08715500022 rpl Stop 2 cnl
0,0,"Sorry, I'll call later"
0,0,"7 wonders in My WORLD 7th You 6th Ur style 5th Ur smile 4th Ur Personality 3rd Ur Nature 2nd Ur SMS and 1st \Ur Lovely Friendship\""... good morning dear"""
0,1,Can... I'm free...
0,0,ÌÏ bot notes oredi... Cos i juz rem i got...
0,0,Yup i thk they r e teacher said that will make my face look longer. Darren ask me not 2 cut too short.
0,0,Send me yetty's number pls.
0,0,Will do. Was exhausted on train this morning. Too much wine and pie. You sleep well too
1,1,"Eerie Nokia tones 4u, rply TONE TITLE to 8007 eg TONE DRACULA to 8007 Titles: GHOST, ADDAMSFA, MUNSTERS, EXORCIST, TWILIGHT www.getzed.co.uk POBox36504W45WQ 150p "
0,0,"Hey, can you tell me blake's address? Carlos wanted me to meet him there but I got lost and he's not answering his phone"
0,0,Doing project w frens lor. 
0,0,Slaaaaave ! Where are you ? Must I summon you to me all the time now ? Don't you wish to come to me on your own anymore?
0,0,"Open rebtel with firefox. When it loads just put plus sign in the user name place, and it will show you two numbers. The lower number is my number. Once you pick that number the pin will display okay!"
0,0,"Wn u r hurt by d prsn who s close 2 u, do fight wit dem. Coz somtimes dis fight saves a relation bt being quiet leaves nothin in a relation.. Gud eveB-)"
0,0,S'fine. Anytime. All the best with it.
0,0,Can. Dunno wat to get 4 her...
0,0,Goodo! Yes we must speak friday - egg-potato ratio for tortilla needed! 
0,0,No need to buy lunch for me.. I eat maggi mee..
0,0,You have got tallent but you are wasting.
0,0,I just saw ron burgundy captaining a party boat so yeah
0,0,"wiskey Brandy Rum Gin Beer Vodka Scotch Shampain Wine \KUDI\""yarasu dhina vaazhthukkal. .."""
0,0,S.this will increase the chance of winning.
0,0,Or Ì_ go buy wif him then i meet Ì_ later can?
0,0,My planning usually stops at \find hella weed
0,0,"Cool, text me when you're parked"
1,1,"SMS SERVICES. for your inclusive text credits, pls goto www.comuk.net login= 3qxj9 unsubscribe with STOP, no extra charge. help 08702840625.COMUK. 220-CM2 9AE"
0,0,I wait 4 Ì_ inside da car park...
0,0,LOL that would be awesome payback.
0,0,I'm putting it on now. It should be ready for  &lt;TIME&gt; 
0,0,"Ya ok, then had dinner?"
0,0,But i'll b going 2 sch on mon. My sis need 2 take smth.
0,0,Been running but only managed 5 minutes and then needed oxygen! Might have to resort to the roller option!
1,1,U have a Secret Admirer who is looking 2 make contact with U-find out who they R*reveal who thinks UR so special-call on 09065171142-stopsms-08
0,0,Please tell me you have some of that special stock you were talking about
0,0,"\Hi missed your Call and my mumHas beendropping red wine all over theplace! what is your adress?\"""""
0,0,Everybody had fun this evening. Miss you.
0,0,"Single line with a big meaning::::: \Miss anything 4 ur \""Best Life\"" but"
0,0,Okie.. Thanx..
0,0,Do you work all this week ?
0,0,Dear good morning how you feeling dear
0,0,Hey sexy buns! What of that day? No word from you this morning on YM ... :-( ... I think of you
0,0,"\Hi darlin did youPhone me? Im atHome if youwanna chat.\"""""
0,0,"Hi this is yijue, can i meet u at 11 tmr?"
0,0,"Call me, i am senthil from hsbc."
0,0,Good. Good job. I like entrepreneurs
0,0,I'll reach in ard 20 mins ok...
1,1,URGENT! Your Mobile number has been awarded with a å£2000 prize GUARANTEED. Call 09061790121 from land line. Claim 3030. Valid 12hrs only 150ppm
0,0,Well I'm going to be an aunty!
0,0,"By march ending, i should be ready. But will call you for sure. The problem is that my capital never complete. How far with you. How's work and the ladies"
0,0,Exactly. Anyways how far. Is jide her to study or just visiting
0,0,All e best 4 ur exam later.
1,1,FreeMsg: Fancy a flirt? Reply DATE now & join the UKs fastest growing mobile dating service. Msgs rcvd just 25p to optout txt stop to 83021. Reply DATE now!
0,0,Is she replying. Has boye changed his phone number
0,0,We walked from my moms. Right on stagwood pass right on winterstone left on victors hill. Address is &lt;#&gt;
0,0,"K I'll head out in a few mins, see you there"
0,0,Yep. I do like the pink furniture tho.
0,0,"Yeah I should be able to, I'll text you when I'm ready to meet up"
1,1,"Eerie Nokia tones 4u, rply TONE TITLE to 8007 eg TONE DRACULA to 8007 Titles: GHOST, ADDAMSFA, MUNSTERS, EXORCIST, TWILIGHT www.getzed.co.uk POBox36504W45WQ 150p"
1,1,4mths half price Orange line rental & latest camera phones 4 FREE. Had your phone 11mths ? Call MobilesDirect free on 08000938767 to update now! or2stoptxt
0,0,Same. Wana plan a trip sometme then
0,0,Ok going to sleep. Hope i can meet her.
0,0,In work now. Going have in few min.
1,1,<Forwarded from 88877>FREE entry into our å£250 weekly comp just send the word ENTER to 88877 NOW. 18 T&C www.textcomp.com
1,1,Reply with your name and address and YOU WILL RECEIVE BY POST a weeks completely free accommodation at various global locations www.phb1.com ph:08700435505150p
0,0,"Good! No, donÛ÷t need any receiptsÛÓwell done! (Û_) Yes, please tell . WhatÛ÷s her number, i could ring her"
0,0,Ugh my leg hurts. Musta overdid it on mon.
1,0,"Hungry gay guys feeling hungry and up 4 it, now. Call 08718730555 just 10p/min. To stop texts call 08712460324 (10p/min)"
0,0,That seems unnecessarily hostile
0,0,No da. . Vijay going to talk in jaya tv
0,0,Great. So should i send you my account number.
1,1,Congratulations ur awarded 500 of CD vouchers or 125gift guaranteed & Free entry 2 100 wkly draw txt MUSIC to 87066 TnCs www.Ldew.com1win150ppmx3age16
0,0,Gud mrng dear hav a nice day
0,0,Yes just finished watching days of our lives. I love it.
0,0,Sen told that he is going to join his uncle finance in cbe
1,1,"FreeMsg Hey there darling it's been 3 week's now and no word back! I'd like some fun you up for it still? Tb ok! XxX std chgs to send, å£1.50 to rcv"
0,0,"It doesnt make sense to take it there unless its free. If you need to know more, wikipedia.com"
0,0,Oh oh... Wasted... Den muz chiong on sat n sun liao...
0,0,Me fine..absolutly fine
1,1,You are now unsubscribed all services. Get tons of sexy babes or hunks straight to your phone! go to http://gotbabes.co.uk. No subscriptions.
0,0,my ex-wife was not able to have kids. Do you want kids one day?
0,0,Reason is if the team budget is available at last they buy the unsold players for at base rate..
0,0,I might come to kerala for 2 days.so you can be prepared to take a leave once i finalise .dont plan any travel during my visit.need to finish urgent works.
0,0,I had a good time too. Its nice to do something a bit different with my weekends for a change. See ya soon
0,0,I'm fine. Hope you are also
0,0,"Rose for red,red for blood,blood for heart,heart for u. But u for me.... Send tis to all ur friends.. Including me.. If u like me.. If u get back, 1-u r poor in relation! 2-u need some 1 to support 3-u r frnd 2 many 4-some1 luvs u 5+- some1 is praying god to marry u.:-) try it...."
0,0,Good afternoon starshine! How's my boytoy? Does he crave me yet? Ache to fuck me ? *sips cappuccino* I miss you babe *teasing kiss*
0,0,"And how you will do that, princess? :)"
0,0,Wat time r Ì_ going to xin's hostel?
1,1,Wanna have a laugh? Try CHIT-CHAT on your mobile now! Logon by txting the word: CHAT and send it to No: 8883 CM PO Box 4217 London W1A 6ZF 16+ 118p/msg rcvd
1,1,XMAS iscoming & ur awarded either å£500 CD gift vouchers & free entry 2 r å£100 weekly draw txt MUSIC to 87066 TnC www.Ldew.com1win150ppmx3age16subscription 
0,0,\HEY HEY WERETHE MONKEESPEOPLE SAY WE MONKEYAROUND! HOWDY GORGEOUS
0,0,"idc get over here, you are not weaseling your way out of this shit twice in a row"
0,0,Can you use foreign stamps for whatever you send them off for? 
0,0,Infact happy new year. How are you where are you when are we seeing
0,0,You dont know you jabo me abi.
1,1,GENT! We are trying to contact you. Last weekends draw shows that you won a å£1000 prize GUARANTEED. Call 09064012160. Claim Code K52. Valid 12hrs only. 150ppm
1,1,Marvel Mobile Play the official Ultimate Spider-man game (å£4.50) on ur mobile right now. Text SPIDER to 83338 for the game & we ll send u a FREE 8Ball wallpaper
0,0,"Sorry, went to bed early, nightnight"
0,0,How much r Ì_ willing to pay?
0,0,aathi..where are you dear..
0,0,Even if he my friend he is a priest call him now
0,0,My sister got placed in birla soft da:-)
0,0,I hope you that's the result of being consistently intelligent and kind. Start asking him about practicum links and keep your ears open and all the best. ttyl
1,1,"Xmas Offer! Latest Motorola, SonyEricsson & Nokia & FREE Bluetooth or DVD! Double Mins & 1000 Txt on Orange. Call MobileUpd8 on 08000839402 or call2optout/4QF2"
1,1,"Claim a 200 shopping spree, just call 08717895698 now! Have you won! MobStoreQuiz10ppm"
1,1,Moby Pub Quiz.Win a å£100 High Street prize if u know who the new Duchess of Cornwall will be? Txt her first name to 82277.unsub STOP å£1.50 008704050406 SP
0,0,Oic... Then better quickly go bathe n settle down...
0,0,My uncles in Atlanta. Wish you guys a great semester.
0,0,I hope your pee burns tonite.
0,0,Ok lor but not too early. Me still having project meeting now.
0,0,Hello. Damn this christmas thing. I think i have decided to keep this mp3 that doesnt work.
0,0,"A boy was late 2 home. His father: \POWER OF FRNDSHIP\"""""
0,0,Umma. Did she say anything
0,0,"Haha... Sounds crazy, dunno can tahan anot..."
0,0,Its not the same here. Still looking for a job. How much do Ta's earn there.
0,0,Aight what time you want me to come up?
0,0,Got c... I lazy to type... I forgot Ì_ in lect... I saw a pouch but like not v nice...
0,0,NEFT Transaction with reference number  &lt;#&gt;  for Rs. &lt;DECIMAL&gt;  has been credited to the beneficiary account on  &lt;#&gt;  at  &lt;TIME&gt; : &lt;#&gt;
0,0,Just finished eating. Got u a plate. NOT leftovers this time.
0,0,SERIOUSLY. TELL HER THOSE EXACT WORDS RIGHT NOW.
0,0,Hi di is yijue we're meeting at 7 pm at esaplanade tonight.
0,0,"MOON has come to color your dreams, STARS to make them musical and my SMS to give you warm and Peaceful Sleep. Good Night"
1,1,Camera - You are awarded a SiPix Digital Camera! call 09061221066 fromm landline. Delivery within 28 days.
0,0,"Hello. No news on job, they are making me wait a fifth week! Yeah im up for some woozles and weasels... In exeter still, but be home about 3. "
0,0,"Have a lovely night and when you wake up to see this message, i hope you smile knowing all is as should be. Have a great morning"
0,0,Remember on that day..
0,0,"see, i knew giving you a break a few times woul lead to you always wanting to miss curfew. I was gonna gibe you 'til one, but a MIDNIGHT movie is not gonna get out til after 2. You need to come home. You need to getsleep and, if anything, you need to b studdying ear training."
0,0,"Nothing, smsing u n xy lor. Sorry lor da guys neva c u in person but they sort of know u lor. So u wan 2 meet them xy ask me 2 bring u along 4 our next meeting."
0,0,if you text on your way to cup stop that should work. And that should be BUS
0,0,"Sorry, left phone upstairs. OK, might be hectic but would be all my birds with one fell swoop. It's a date."
0,0,What Today-sunday..sunday is holiday..so no work..
0,0,I'm fine. Hope you are good. Do take care.
1,1,Double Mins & Double Txt & 1/2 price Linerental on Latest Orange Bluetooth mobiles. Call MobileUpd8 for the very latest offers. 08000839402 or call2optout/LF56
0,0,I have no idea where you are
0,0,Its just the effect of irritation. Just ignore it
0,0,Tmr then Ì_ brin lar... Aiya later i come n c lar... Mayb Ì_ neva set properly Ì_ got da help sheet wif Ì_...
0,0,Kinda. First one gets in at twelve! Aah. Speak tomo
0,0,Indeed and by the way it was either or - not both !
0,0,Oh is it! Which brand?
0,0,What year. And how many miles.
0,0,Not thought bout it... || Drink in tap & spile at seven. || Is that pub on gas st off broad st by canal. || Ok?
0,0,Great. Never been better. Each day gives even more reasons to thank God
0,0,No..he joined today itself.
0,0,"\OH FUCK. JUSWOKE UP IN A BED ON A BOATIN THE DOCKS. SLEPT WID 25 YEAR OLD. SPINOUT! GIV U DA GOSSIP L8R. XXX\"""""
0,0,Oh unintentionally not bad timing. Great. Fingers  the trains play along! Will give fifteen min warning.
0,0,I will reach before ten morning
1,1,Get your garden ready for summer with a FREE selection of summer bulbs and seeds worth å£33:50 only with The Scotsman this Saturday. To stop go2 notxt.co.uk
0,0,Yes :)it completely in out of form:)clark also utter waste.
0,0,Ok... Ur typical reply...
0,0,"Jane babes not goin 2 wrk, feel ill after lst nite. Foned in already cover 4 me chuck.:-)"
0,0,But i haf enuff space got like 4 mb...
0,0,Sorry da. I gone mad so many pending works what to do.
0,0,Huh i cant thk of more oredi how many pages do we have?
0,0,"I don't know, same thing that's wrong everyso often, he panicks starts goin on bout not bein good enough Û_"
0,0,I called and said all to him:)then he have to choose this future.
0,0,Aiyar sorry lor forgot 2 tell u...
1,1,"As a valued customer, I am pleased to advise you that following recent review of your Mob No. you are awarded with a å£1500 Bonus Prize, call 09066364589"
0,0,Take some small dose tablet for fever
0,0,Then u go back urself lor...
1,1,"Hi babe its Jordan, how r u? Im home from abroad and lonely, text me back if u wanna chat xxSP visionsms.com Text stop to stopCost 150p 08712400603"
0,0,"I'm a guy, browsin is compulsory"
0,0,Let Ur Heart Be Ur Compass Ur Mind Ur Map Ur Soul Ur Guide And U Will Never loose in world....gnun - Sent via WAY2SMS.COM
0,0,Badrith is only for chennai:)i will surely pick for us:)no competition for him.
0,0,THANX4 TODAY CER IT WAS NICE 2 CATCH UP BUT WE AVE 2 FIND MORE TIME MORE OFTEN OH WELL TAKE CARE C U SOON.C
0,0,Well you told others you'd marry them...
0,0,"There're some people by mu, I'm at the table by lambda"
0,0,So u workin overtime nigpun?
0,0,"K, want us to come by now?"
0,0,THIS IS A LONG FUCKIN SHOWR
0,0,Yay! You better not have told that to 5 other girls either.
0,0,Then u going ikea str aft dat?
0,0,WOT U WANNA DO THEN MISSY?
0,0,Ummmmmaah Many many happy returns of d day my dear sweet heart.. HAPPY BIRTHDAY dear
1,1,Do you want 750 anytime any network mins 150 text and a NEW video phone for only five pounds per week call 08000776320 now or reply for delivery Tomorrow
0,0,Thanx 4 2day! U r a goodmate I THINK UR RITE SARY! ASUSUAL!1 U CHEERED ME UP! LOVE U FRANYxxxxx
0,0,"It's not that you make me cry. It's just that when all our stuff happens on top of everything else, it pushes me over the edge. You don't underdtand how often i cry over my sorry, sorry life."
0,0,Leave it wif me lar... ÌÏ wan to carry meh so heavy... Is da num 98321561 familiar to Ì_?
0,0,How i noe... Did Ì_ specify da domain as nusstu... ÌÏ still in sch...
1,1,PRIVATE! Your 2003 Account Statement for <fone no> shows 800 un-redeemed S. I. M. points. Call 08715203656 Identifier Code: 42049 Expires 26/10/04
0,0,Your pussy is perfect!
0,0,NOT MUCH NO FIGHTS. IT WAS A GOOD NITE!!
0,0,What he said is not the matter. My mind saying some other matter is there.
0,0,No sir. That's why i had an 8-hr trip on the bus last week. Have another audition next wednesday but i think i might drive this time.
0,0,Beauty sleep can help ur pimples too.
0,0,Hurt me... Tease me... Make me cry... But in the end of my life when i die plz keep one rose on my grave and say STUPID I MISS U.. HAVE A NICE DAY BSLVYL
0,0,My battery is low babe
0,0,His frens go then he in lor. Not alone wif my mum n sis lor.
0,0,Call to the number which is available in appointment. And ask to connect the call to waheed fathima.
0,0,Goodmorning today i am late for  &lt;DECIMAL&gt; min.
0,0,We're on the opposite side from where we dropped you off
0,0,"Hmm, too many of them unfortunately... Pics obviously arent hot cakes. Its kinda fun tho"
1,1,Bloomberg -Message center +447797706009 Why wait? Apply for your future http://careers. bloomberg.com
0,0,Unfortunately i've just found out that we have to pick my sister up from the airport that evening so don't think i'll be going out at all. We should try to go out one of th
0,0,Love it! I want to flood that pretty pussy with cum...
0,0,"Yeah probably, I still gotta check out with leo"
0,0,I want to sent  &lt;#&gt; mesages today. Thats y. Sorry if i hurts
0,0,I've reached already.
0,0,Hey r Ì_ still online? I've finished the formatting...
0,0,"So you think i should actually talk to him? Not call his boss in the morning? I went to this place last year and he told me where i could go and get my car fixed cheaper. He kept telling me today how much he hoped i would come back in, how he always regretted not getting my number, etc."
0,0,Yeah imma come over cause jay wants to do some drugs
0,0,I am not sure about night menu. . . I know only about noon menu
0,0,"4 tacos + 1 rajas burrito, right?"
0,0,ÌÏ give me some time to walk there.
0,0,U R THE MOST BEAUTIFUL GIRL IVE EVER SEEN. U R MY BABY COME AND C ME IN THE COMMON ROOM
0,0,That means get the door
0,0,Love you aathi..love u lot..
1,1,"You've won tkts to the EURO2004 CUP FINAL or å£800 CASH, to collect CALL 09058099801 b4190604, POBOX 7876150ppm"
0,0,I'm glad. You are following your dreams.
1,1,WIN a å£200 Shopping spree every WEEK Starting NOW. 2 play text STORE to 88039. SkilGme. TsCs08714740323 1Winawk! age16 å£1.50perweeksub.
0,0,U should make a fb list
1,1,FreeMsg>FAV XMAS TONES!Reply REAL
0,0,"St andre, virgil's cream"
1,1,December only! Had your mobile 11mths+? You are entitled to update to the latest colour camera mobile for Free! Call The Mobile Update Co FREE on 08002986906 
0,0,"Hmmm.... Mayb can try e shoppin area one, but forgot e name of hotel..."
0,0,"Frnd s not juz a word.....not merely a relationship.....its a silent promise which says ... \ I will be with YOU \"" Wherevr.. Whenevr.. Forevr... Gudnyt dear.."""
0,0,OK i'm waliking ard now... Do u wan me 2 buy anything go ur house?
0,0,I'm e person who's doing e sms survey...
0,0,I'm done...
0,0,Eh u send wrongly lar...
0,0,What's ur pin?
1,1,T-Mobile customer you may now claim your FREE CAMERA PHONE upgrade & a pay & go sim card for your loyalty. Call on 0845 021 3680.Offer ends 28thFeb.T&C's apply
1,1,Call from 08702490080 - tells u 2 call 09066358152 to claim å£5000 prize. U have 2 enter all ur mobile & personal details @ the prompts. Careful!
0,0,I've sent my wife your text. After we buy them she'll tell you what to do. So just relax. We should go get them this wkend.
0,0,Sorry completely forgot * will pop em round this week if your still here?
0,0,Staff of placement training in Amrita college.
0,0,S.s:)i thinl role is like sachin.just standing. Others have to hit.
0,0,Hmm. Shall i bring a bottle of wine to keep us amused? Just joking! I'll still bring a bottle. Red or white? See you tomorrow
0,0,Good morning princess! How are you?
1,0,You have 1 new message. Please call 08715205273
0,0,Thnx dude. u guys out 2nite?
0,0,"* Was really good to see you the other day dudette, been missing you!"
0,0,I dunno lei... Like dun haf...
1,1,URGENT! Your Mobile number has been awarded with a å£2000 prize GUARANTEED. Call 09058094454 from land line. Claim 3030. Valid 12hrs only
0,0,"Poyyarikatur,kolathupalayam,unjalur post,erode dis, &lt;#&gt; ."
0,0,yay! finally lol. i missed our cinema trip last week :-(
0,0,I think if he rule tamilnadu..then its very tough for our people.
0,0,"Sometimes we put walls around our hearts,not just to be safe from getting hurt.. But to find out who cares enough to break the walls &amp; get closer.. GOODNOON:)"
0,0,I cant pick the phone right now. Pls send a message
1,1,"Double mins and txts 4 6months FREE Bluetooth on Orange. Available on Sony, Nokia Motorola phones. Call MobileUpd8 on 08000839402 or call2optout/N9DX"
0,0,Havent shopping now lor i juz arrive only
1,1,FREE for 1st week! No1 Nokia tone 4 ur mob every week just txt NOKIA to 8007 Get txting and tell ur mates www.getzed.co.uk POBox 36504 W45WQ norm150p/tone 16+
1,1,it to 80488. Your 500 free text messages are valid until 31 December 2005.
1,1,"Congrats! 2 mobile 3G Videophones R yours. call 09061744553 now! videochat wid ur mates, play java games, Dload polyH music, noline rentl. bx420. ip4. 5we. 150pm"
1,0,1000's of girls many local 2 u who r virgins 2 this & r ready 2 4fil ur every sexual need. Can u 4fil theirs? text CUTE to 69911(å£1.50p. m)
0,0,"Cool, I'll text you when I'm on the way"
0,0,Yup song bro. No creative. Neva test quality. He said check review online.
0,0,"I can't right this second, gotta hit people up first"
0,0,Cancel cheyyamo?and get some money back?
0,0,Future is not what we planned for tomorrow.....! it is the result of what we do today...! Do the best in present... enjoy the future.
0,0,He is there. You call and meet him
1,1,"Congratulations - Thanks to a good friend U have WON the å£2,000 Xmas prize. 2 claim is easy, just call 08712103738 NOW! Only 10p per minute. BT-national-rate"
0,0,How come she can get it? Should b quite diff to guess rite...
0,0,Ummmmmaah Many many happy returns of d day my dear sweet heart.. HAPPY BIRTHDAY dear
1,1,From next month get upto 50% More Calls 4 Ur standard network charge 2 activate Call 9061100010 C Wire3.net 1st4Terms PoBox84 M26 3UZ Cost å£1.50 min MobcudB more
0,0,"If you want to mapquest it or something look up \usf dogwood drive\"""
0,0,Ugh I don't wanna get out of bed. It's so warm.
0,0,Well its not like you actually called someone a punto. That woulda been worse.
0,0,Arun can u transfr me d amt
0,0,Does cinema plus drink appeal tomo? * Is a fr thriller by director i like on at mac at 8.30.
0,0,Come to mahal bus stop.. &lt;DECIMAL&gt;
0,0,I am in tirupur.  call you da.
0,0,Early bird! Any purchases yet?
0,0,Love you aathi..love u lot..
0,0,Msgs r not time pass.They silently say that I am thinking of U right now and also making U think of me at least 4 a moment. Gd nt.swt drms @Shesil
0,0,No. Its not specialisation. Can work but its slave labor. Will look for it this month sha cos no shakara 4 beggar.
0,0,Yup... From what i remb... I think should be can book... 
0,0,"\Hello-/@drivby-:0quit edrunk sorry iff pthis makes no senrd-dnot no how ^ dancce 2 drum n basq!ihave fun 2nhite x ros xxxxxxx\"""""
0,0,Ok thanx...
0,0,G wants to know where the fuck you are
0,0,Is that on the telly? No its Brdget Jones!
1,1,Mobile Club: Choose any of the top quality items for your mobile. 7cfca1a
0,0,What???? Hello wats talks email address?
0,0,Reverse is cheating. That is not mathematics.
0,0,So can collect ur laptop?
0,0,Anything lor if they all go then i go lor...
0,0,"Hi, can i please get a  &lt;#&gt;  dollar loan from you. I.ll pay you back by mid february. Pls."
0,0,Cause I'm not freaky lol
0,0,K:)all the best:)congrats...
0,0,"Although i told u dat i'm into baig face watches now but i really like e watch u gave cos it's fr u. Thanx 4 everything dat u've done today, i'm touched..."
0,0,Why don't you wait 'til at least wednesday to see if you get your .
1,1,"SPJanuary Male Sale! Hot Gay chat now cheaper, call 08709222922. National rate from 1.5p/min cheap to 7.8p/min peak! To stop texts call 08712460324 (10p/min)"
0,0,And now electricity just went out fml.
0,0,Im done. Just studyn in library
0,0,Yes... I trust u to buy new stuff ASAP so I can try it out
1,1,U have a secret admirer who is looking 2 make contact with U-find out who they R*reveal who thinks UR so special-call on 09058094565
0,0,"Babe! How goes that day ? What are you up to ? I miss you already, my Love ... * loving kiss* ... I hope everything goes well."
0,0,Dai i downloaded but there is only exe file which i can only run that exe after installing.
0,0,Sent me de webadres for geting salary slip
0,0,Imagine Life WITHOUT ME... see.. How fast u are searching me?Don't worry.. l'm always there To disturb U.. Goodnoon..:)
0,0,K and you're sure I don't have to have consent forms to do it :V
0,0,"Solve d Case : A Man Was Found Murdered On  &lt;DECIMAL&gt; . &lt;#&gt;  AfterNoon. 1,His wife called Police. 2,Police questioned everyone. 3,Wife: Sir,I was sleeping, when the murder took place. 4.Cook: I was cooking. 5.Gardener: I was picking vegetables. 6.House-Maid: I went 2 d post office. 7.Children: We went 2 play. 8.Neighbour: We went 2 a marriage. Police arrested d murderer Immediately. Who's It? Reply With Reason, If U r Brilliant."
1,1,"ou are guaranteed the latest Nokia Phone, a 40GB iPod MP3 player or a å£500 prize! Txt word: COLLECT to No: 83355! IBHltd LdnW15H 150p/Mtmsgrcvd18"
0,0,You are right. Meanwhile how's project twins comin up
0,0,Omg you can make a wedding chapel in frontierville? Why do they get all the good stuff?
1,0,Email AlertFrom: Jeri StewartSize: 2KBSubject: Low-cost prescripiton drvgsTo listen to email call 123
1,1,I don't know u and u don't know me. Send CHAT to 86688 now and let's find each other! Only 150p/Msg rcvd. HG/Suite342/2Lands/Row/W1J6HL LDN. 18 years or over.
0,0,"HI HUN! IM NOT COMIN 2NITE-TELL EVERY1 IM SORRY 4 ME, HOPE U AVA GOODTIME!OLI RANG MELNITE IFINK IT MITE B SORTED,BUT IL EXPLAIN EVERYTHIN ON MON.L8RS.x"
0,0,"I dun thk i'll quit yet... Hmmm, can go jazz ? Yogasana oso can... We can go meet em after our lessons den... "
0,0,"Aight, text me tonight and we'll see what's up"
0,0,Now am free call me pa.
0,0,Good Morning plz call me sir
1,0,"I want some cock! My hubby's away, I need a real man 2 satisfy me. Txt WIFE to 89938 for no strings action. (Txt STOP 2 end, txt rec å£1.50ea. OTBox 731 LA1 7WS. )"
1,1,Dear 0776xxxxxxx U've been invited to XCHAT. This is our final attempt to contact u! Txt CHAT to 86688 150p/MsgrcvdHG/Suite342/2Lands/Row/W1J6HL LDN 18yrs 
0,0,Should I tell my friend not to come round til like  &lt;#&gt; ish?
0,0,Nice.nice.how is it working?
0,0,Enjoy ur life. . Good night
1,1,Do you want 750 anytime any network mins 150 text and a NEW VIDEO phone for only five pounds per week call 08002888812 or reply for delivery tomorrow
1,1,This msg is for your mobile content order It has been resent as previous attempt failed due to network error Queries to customersqueries@netvision.uk.com
0,0,"Yep, the great loxahatchee xmas tree burning of  &lt;#&gt;  starts in an hour"
0,0,And do you have any one that can teach me how to ship cars.
0,0,Are you ok. What happen to behave like this
0,0,Sounds better than my evening im just doing my costume. Im not sure what time i finish tomorrow but i will txt you at the end.
1,1,XCLUSIVE@CLUBSAISAI 2MOROW 28/5 SOIREE SPECIALE ZOUK WITH NICHOLS FROM PARIS.FREE ROSES 2 ALL LADIES !!! info: 07946746291/07880867867 
0,0,My love ! How come it took you so long to leave for Zaher's? I got your words on ym and was happy to see them but was sad you had left. I miss you
0,0,I can ask around but there's not a lot in terms of mids up here
0,0,COME BACK TO TAMPA FFFFUUUUUUU
0,0,I'm also came to room.
0,0,"Cant believe i said so many things to you this morning when all i really wanted to say was good morning, i love you! Have a beautiful morning. See you in the library later."
0,0,You said not now. No problem. When you can. Let me know.
0,0,What's up my own oga. Left my phone at home and just saw ur messages. Hope you are good. Have a great weekend.
0,0,Go fool dont cheat others ok
0,1,Tell me they're female :V how're you throwing in? We're deciding what all to get now
0,0,Yes its possible but dint try. Pls dont tell to any one k
0,0,"Carlos took a while (again), we leave in a minute"
0,0,U're welcome... Caught u using broken english again...
0,0,There is a first time for everything :)
0,0,Height of Confidence: All the Aeronautics professors wer calld &amp; they wer askd 2 sit in an aeroplane. Aftr they sat they wer told dat the plane ws made by their students. Dey all hurried out of d plane.. Bt only 1 didnt move... He said:\if it is made by my students
0,0,Yes i have. So that's why u texted. Pshew...missing you so much
1,1,Urgent! Please call 09061743810 from landline. Your ABTA complimentary 4* Tenerife Holiday or #5000 cash await collection SAE T&Cs Box 326 CW25WX 150 ppm
0,0,"Ola would get back to you maybe not today but I ve told him you can be his direct link in the US in getting cars he bids for online, you arrange shipping and you get a cut. Or U????? For a partnership where U????? Invest money for shipping and he takes care of the rest!U??Wud b self reliant soon dnt worry"
1,0,ROMCAPspam Everyone around should be responding well to your presence since you are so warm and outgoing. You are bringing in a real breath of sunshine.
0,0,"What are you doing in langport? Sorry, but I'll probably be in bed by 9pm. It sucks being ill at xmas! When do you and go2sri lanka? "
1,1,Free msg: Single? Find a partner in your area! 1000s of real people are waiting to chat now!Send CHAT to 62220Cncl send STOPCS 08717890890å£1.50 per msg
0,0,Lmao. Take a pic and send it to me.
0,0,I REALLY NEED 2 KISS U I MISS U MY BABY FROM UR BABY 4EVA
0,0,"Sorry, I'll call later"
0,0,"THATåÕS ALRITE GIRL, U KNOW GAIL IS NEVA WRONG!!TAKE CARE SWEET AND DONåÕT WORRY.C U L8TR HUN!LOVE Yaxxx"
0,0,I like cheap! But iÛ÷m happy to splash out on the wine if it makes you feel better..
0,0,"That's cool he'll be here all night, lemme know when you're around"
0,0,I said its okay. Sorry
0,0,Then anything special?
1,1,Todays Vodafone numbers ending with 4882 are selected to a receive a å£350 award. If your number matches call 09064019014 to receive your å£350 award.
0,0,"Lol ... Oh no babe, I wont be sliding into your place after midnight, but thanks for the invite"
0,0,You call him now ok i said call him
0,0,"I'm nt goin, got somethin on, unless they meetin 4 dinner lor... Haha, i wonder who will go tis time..."
0,0,Gud mrng dear hav a nice day
1,1,PRIVATE! Your 2003 Account Statement for shows 800 un-redeemed S. I. M. points. Call 08715203694 Identifier Code: 40533 Expires 31/10/04
0,0,Û_ and donÛ÷t worry weÛ÷ll have finished by march Û_ ish!
0,0,"Hello, my boytoy! I made it home and my constant thought is of you, my love. I hope your having a nice visit but I can't wait till you come home to me ...*kiss*"
0,0,Ya srsly better than yi tho
0,0,You see the requirements please
0,0,"I av a new number,  . Wil u only use this one,ta."
0,0,Then just eat a shit and wait for ur monkey face bitch.......... U asshole..................
0,0,I fetch yun or u fetch?
0,0,X2  &lt;#&gt; . Are you going to get that
0,0,Sad story of a Man - Last week was my b'day. My Wife did'nt wish me. My Parents forgot n so did my Kids . I went to work. Even my Colleagues did not wish.
0,0,"Good morning, my Love ... I go to sleep now and wish you a great day full of feeling better and opportunity ... You are my last thought babe, I LOVE YOU *kiss*"
0,0,It will stop on itself. I however suggest she stays with someone that will be able to give ors for every stool.
0,0,"Sorry, I can't help you on this."
0,0,Hows that watch resizing
0,0,The Xmas story is peace.. The Xmas msg is love.. The Xmas miracle is jesus.. Hav a blessed month ahead &amp; wish U Merry Xmas...
0,0,Nope watching tv at home... Not going out. V bored...
1,1,"all the lastest from Stereophonics, Marley, Dizzee Racal, Libertines and The Strokes! Win Nookii games with Flirt!! Click TheMob WAP Bookmark or text WAP to 82468"
0,0,"Sorry about earlier. Putting out fires.Are you around to talk after 9? Or do you actually have a life, lol!"
0,0,"He is impossible to argue with and he always treats me like his sub, like he never released me ... Which he did and I will remind him of that if necessary"
1,1,"URGENT! You have won a 1 week FREE membership in our å£100,000 Prize Jackpot! Txt the word: CLAIM to No: 81010 T&C www.dbuk.net LCCLTD POBOX 4403LDNW1A7RW18"
0,0,Yup i thk cine is better cos no need 2 go down 2 plaza mah.
0,0,Our Prashanthettan's mother passed away last night. pray for her and family.
0,1,No calls..messages..missed calls
1,1,Sex up ur mobile with a FREE sexy pic of Jordan! Just text BABE to 88600. Then every wk get a sexy celeb! PocketBabe.co.uk 4 more pics. 16 å£3/wk 087016248
1,1,Get the official ENGLAND poly ringtone or colour flag on yer mobile for tonights game! Text TONE or FLAG to 84199. Optout txt ENG STOP Box39822 W111WX å£1.50
0,0,I am in office:)whats the matter..msg me now.i will call you at break:).
0,0,That one week leave i put know that time. Why.
0,0,Wat makes some people dearer is not just de happiness dat u feel when u meet them but de pain u feel when u miss dem!!!
0,0,"Aight I'll grab something to eat too, text me when you're back at mu"
0,0,And he's apparently bffs with carly quick now
0,0,Its  &lt;#&gt; k here oh. Should i send home for sale.
0,0,What is your record for one night? :)
0,0,Its ok..come to my home it vl nice to meet and v can chat..
0,0,You're not sure that I'm not trying to make xavier smoke because I don't want to smoke after being told I smoke too much?
0,0,Okay lor... Will they still let us go a not ah? Coz they will not know until later. We drop our cards into the box right?
0,0,No dear i do have free messages without any recharge. Hi hi hi
0,0,Thanks  and ! Or bomb and date as my phone wanted to say! 
0,0,"awesome, how do I deal with the gate? Charles told me last night but, uh, yeah"
0,0,K I'll take care of it
0,0,Is it ok if I stay the night here? Xavier has a sleeping bag and I'm getting tired
0,0,You didn't have to tell me that...now i'm thinking. Plus he's going to stop all your runs
0,0,Thank you. do you generally date the brothas?
0,0,So gd got free ice cream... I oso wan...
0,0,I think steyn surely get one wicket:)
0,0,Don no da:)whats you plan?
0,0,X course it 2yrs. Just so her messages on messenger lik you r sending me
0,0,"Ya they are well and fine., BBD(pooja) full pimples..even she become quite black..and ur rite here its too cold, wearing sweatter.."
0,0,Cool. Do you like swimming? I have a pool and jacuzzi at my house.
0,0,The search 4 happiness is 1 of d main sources of unhappiness! Accept life the way it comes! U will find happiness in every moment u live.
0,0,"Dont search love, let love find U. Thats why its called falling in love, bcoz U dont force yourself, U just fall and U know there is smeone to hold U... BSLVYL"
0,0,I dont have any of your file in my bag..i was in work when you called me.i 'll tell you if i find anything in my room.
0,0,Ladies first and genus second k .
0,0,"I am late,so call you tomorrow morning.take care sweet dreams....u and me...ummifying...bye."
1,1,U have a secret admirer who is looking 2 make contact with U-find out who they R*reveal who thinks UR so special-call on 09058094599
0,0,Is there coming friday is leave for pongal?do you get any news from your work place.
0,0,Aah! A cuddle would be lush! I'd need lots of tea and soup before any kind of fumbling!
0,0,Or better still can you catch her and let ask her if she can sell  &lt;#&gt;  for me.
0,0,You call him and tell now infront of them. Call him now.
0,0,Was it something u ate?
0,0,Aaooooright are you at work?
0,0,Dont talk to him ever ok its my word.
0,0,"Hey. What happened? U switch off ur cell d whole day. This isnt good. Now if u do care, give me a call tomorrow."
1,1,"You can stop further club tones by replying \STOP MIX\"" See my-tone.com/enjoy. html for terms. Club tones cost GBP4.50/week. MFL"
0,0,Well thats nice. Too bad i cant eat it
0,0,Nope... Juz off from work...
0,0,I think i've fixed it can you send a test message?
0,0,K da:)how many page you want?
1,1,Double your mins & txts on Orange or 1/2 price linerental - Motorola and SonyEricsson with B/Tooth FREE-Nokia FREE Call MobileUpd8 on 08000839402 or2optout/HV9D
0,0,You are a big chic. Common. Declare
0,0,Fine i miss you very much.
0,0,Why don't you go tell your friend you're not sure you want to live with him because he smokes too much then spend hours begging him to come smoke
0,0,"Say this slowly.? GOD,I LOVE YOU &amp; I NEED YOU,CLEAN MY HEART WITH YOUR BLOOD.Send this to Ten special people &amp; u c miracle tomorrow, do it,pls,pls do it..."
0,0,Thanx u darlin!im cool thanx. A few bday drinks 2 nite. 2morrow off! Take care c u soon.xxx
0,0,Wrong phone! This phone! I answer this one but assume the other is people i don't well
0,0,"Life is more strict than teacher... Bcoz Teacher teaches lesson &amp; then conducts exam, But Life first conducts Exam &amp; then teaches Lessons. Happy morning. . ."
0,0,do u think that any girl will propose u today by seing ur bloody funky shit fucking face...............asssssholeeee................
0,0,"Don't worry, * is easy once have ingredients!"
1,1,WIN a year supply of CDs 4 a store of ur choice worth å£500 & enter our å£100 Weekly draw txt MUSIC to 87066 Ts&Cs www.Ldew.com.subs16+1win150ppmx3
0,0,WHORE YOU ARE UNBELIEVABLE.
0,0,"I have 2 sleeping bags, 1 blanket and paper and  phone details. Anything else?"
0,0,Feel like trying kadeem again? :V
0,0,Not yet had..ya sapna aunty manege y'day hogidhe..chinnu full weak and swalpa black agidhane..
0,0,Have you heard from this week?
0,0,I will come tomorrow di
0,0,When u love someone Dont make them to love u as much as u do. But Love them so much that they dont want to be loved by anyone except you... Gud nit.
0,0,Call him and say you not coming today ok and tell them not to fool me like this ok
0,0,What your plan for pongal?
0,0,Tessy..pls do me a favor. Pls convey my birthday wishes to Nimya..pls dnt forget it. Today is her birthday Shijas
0,0,What I'm saying is if you haven't explicitly told nora I know someone I'm probably just not gonna bother
1,1,Adult 18 Content Your video will be with you shortly
0,0,U coming back 4 dinner rite? Dad ask me so i re confirm wif u...
1,0,"Latest News! Police station toilet stolen, cops have nothing to go on!"
0,0,U buy newspapers already?
0,0,Me too! Have a lovely night xxx
0,0,Shant disturb u anymore... Jia you...
0,0,Lol ok. I'll snatch her purse too.
0,0,"Just making dinner, you ?"
0,0,Then Ì_ come n pick me at 530 ar?
0,0,My tuition is at 330. Hm we go for the 1120 to 1205 one? Do you mind?
0,0,He's an adult and would learn from the experience. There's no real danger. I just dont like peeps using drugs they dont need. But no comment
0,0,The world's most happiest frnds never have the same characters... Dey just have the best understanding of their differences...
0,0,He also knows about lunch menu only da. . I know
0,0,"Uncle G, just checking up on you. Do have a rewarding month"
0,0,"Edison has rightly said, \A fool can ask more questions than a wise man can answer\"" Now you know why all of us are speechless during ViVa.. GM"
0,0,Lol yes. Our friendship is hanging on a thread cause u won't buy stuff.
1,1,Ur cash-balance is currently 500 pounds - to maximize ur cash-in now send CASH to 86688 only 150p/msg. CC: 08708800282 HG/Suite342/2Lands Row/W1J6HL
0,0,hiya hows it going in sunny africa? hope u r avin a good time. give that big old silver back a big kiss from me.
0,0,In the end she might still vomit but its okay. Not everything will come out.
0,0,"Sir, I need Velusamy sir's date of birth and company bank facilities details."
0,0,"New Theory: Argument wins d SITUATION, but loses the PERSON. So dont argue with ur friends just.. . . . kick them &amp; say, I'm always correct.!"
0,0,"Yo carlos, a few friends are already asking me about you, you working at all this weekend?"
0,0,Super msg da:)nalla timing.
0,0,"A swt thought: \Nver get tired of doing little things 4 lovable persons..\"" Coz..somtimes those little things occupy d biggest part in their Hearts.. Gud ni8"""
0,0,"Hi elaine, is today's meeting confirmed?"
0,0,Ok lor... Sony ericsson salesman... I ask shuhui then she say quite gd 2 use so i considering...
0,0,Dunno leh cant remember mayb lor. So wat time r we meeting tmr?
0,0,Yes when is the appt again?
0,0,Horrible gal. Me in sch doing some stuff. How come u got mc?
0,0,ÌÏ dun wan to watch infernal affair?
0,0,Ok...
0,0,Just wait till end of march when el nino gets himself. Oh.
0,0,DO NOT B LATE LOVE MUM
0,0,Sorry da..today i wont come to play..i have driving clas..
0,0,K k pa Had your lunch aha.
0,0,Ok... Help me ask if she's working tmr a not?
0,0,India have to take lead:)
0,0,I cant pick the phone right now. Pls send a message
0,0,Lol its ok I didn't remember til last nite
0,0,Wewa is 130. Iriver 255. All 128 mb.
0,0,Ok lor.
0,0,"Like I made him throw up when we were smoking in our friend's car one time, it was awesome"
0,0,"New Theory: Argument wins d SITUATION, but loses the PERSON. So dont argue with ur friends just.. . . . kick them &amp; say, I'm always correct.!"
0,0,No. I.ll meet you in the library
1,1,"TheMob>Hit the link to get a premium Pink Panther game, the new no. 1 from Sugababes, a crazy Zebra animation or a badass Hoody wallpaper-all 4 FREE!"
0,0,You only hate me. You can call any but you didnt accept even a single call of mine. Or even you messaged
0,0,I surely dont forgot to come:)i will always be in touch in with you:-)
0,0,Come to my home for one last time i wont do anything. Trust me.
0,0,I was up all night too worrying about this appt. It's a shame we missed a girls night out with quizzes popcorn and you doing my hair.
0,0,My stomach has been thru so much trauma I swear I just can't eat. I better lose weight.
0,0,Da is good good player.why he is unsold.
0,0,Was the actual exam harder than NBME
0,0,I love your ass! Do you enjoy doggy style? :)
0,0,"I've not called you in a while. This is hoping it was l8r malaria and that you know that we miss you guys. I miss Bani big, so pls give her my love especially. Have a great day."
1,1,"HOT LIVE FANTASIES call now 08707509020 Just 20p per min NTT Ltd, PO Box 1327 Croydon CR9 5WB 0870..k"
0,0,I don't quite know what to do. I still can't get hold of anyone. I cud pick you up bout 7.30pm and we can see if they're in the pub?
0,0,I'm leaving my house now...
0,0,I dont thnk its a wrong calling between us
0,0,Yes..he is really great..bhaji told kallis best cricketer after sachin in world:).very tough to get out.
0,0,En chikku nange bakra msg kalstiya..then had tea/coffee?
0,0,"Haha awesome, I've been to 4u a couple times. Who all's coming?"
0,0,Joy's father is John. Then John is the ____ of Joy's father. If u ans ths you hav  &lt;#&gt;  IQ. Tis s IAS question try to answer.
0,0,Just chill for another 6hrs. If you could sleep the pain is not a surgical emergency so see how it unfolds. Okay
0,0,"Remember all those whom i hurt during days of satanic imposter in me.need to pay a price,so be it.may destiny keep me going and as u said pray that i get the mind to get over the same."
0,0,Hey gorgeous man. My work mobile number is. Have a good one babe. Squishy Mwahs.
0,0,"Imagine you finally get to sink into that bath after I have put you through your paces, maybe even having you eat me for a while before I left ... But also imagine the feel of that cage on your cock surrounded by the bath water, reminding you always who owns you ... Enjoy, my cuck"
0,0,I want to sent  &lt;#&gt; mesages today. Thats y. Sorry if i hurts
0,0,Oh all have to come ah?
0,0,Jokin only lar... :-) depends on which phone my father can get lor...
0,0,i am seeking a lady in the street and a freak in the sheets. Is that you?
0,0,Only saturday and sunday holiday so its very difficult:)
0,0,What time is ur flight tmr?
0,0,"Sad story of a Man - Last week was my b'day. My Wife did'nt wish me. My Parents forgot n so did my Kids . I went to work. Even my Colleagues did not wish. As I entered my cabin my PA said, '' Happy B'day Boss !!''. I felt special. She askd me 4 lunch. After lunch she invited me to her apartment. We went there. She said,'' do u mind if I go into the bedroom for a minute ? '' ''OK'', I sed in a sexy mood. She came out 5 minuts latr wid a cake...n My Wife, My Parents, My Kidz, My Friends n My Colleagues. All screaming.. SURPRISE !! and I was waiting on the sofa.. ... ..... ' NAKED...!"
0,0,:-( sad puppy noise
0,0,"Erm Û_ ill pick you up at about 6.45pm. That'll give enough time to get there, park and that."
0,0,Sorry de i went to shop.
0,0,Hi my email address has changed now it is 
0,0,Not to worry. I'm sure you'll get it.
0,0,Yup but not studying surfing lor. I'm in e lazy mode today.
0,0,YO YO YO BYATCH WHASSUP?
0,0,So u gonna get deus ex?
0,0,Ok then i'll let him noe later n ask him call u tmr...
0,0,Would me smoking you out help us work through this difficult time
1,1,"FreeMSG You have been awarded a FREE mini DIGITAL CAMERA, just reply SNAP to collect your prize! (quizclub Opt out? Stop 80122300p/wk SP:RWM Ph:08704050406)"
0,0,"Fighting with the world is easy, u either win or lose bt fightng with some1 who is close to u is dificult if u lose - u lose if u win - u still lose."
0,0,Company is very good.environment is terrific and food is really nice:)
0,0,You're right I have now that I think about it
1,1,Hey I am really horny want to chat or see me naked text hot to 69698 text charged at 150pm to unsubscribe text stop 69698
0,0,Excellent! Wish we were together right now!
0,0,Thank u. IT BETTER WORK OUT CAUSE I WILL FEEL USED OTHERWISE
1,0,RCT' THNQ Adrian for U text. Rgds Vatian
0,0,Sorry dude. Dont know how i forgot. Even after Dan reminded me. Sorry. Hope you guys had fun.
0,0,Should I head straight there or what
0,0,"HELLOGORGEOUS, HOWS U? MY FONE WAS ON CHARGE LST NITW WEN U TEXD ME. HOPEU AD A NICE WKEND AS IM SURE U DID LOOKIN 4WARD 2 C-IN U 2MRW LUV JAZ"
1,1,URGENT! We are trying to contact U. Todays draw shows that you have won a å£800 prize GUARANTEED. Call 09050003091 from land line. Claim C52. Valid 12hrs only
0,0,Dude got a haircut. Now its breezy up there
0,0,Err... Cud do. I'm going to  at 8pm. I haven't got a way to contact him until then.
0,0,Cos darren say Ì_ considering mah so i ask Ì_...
1,1,Sunshine Quiz! Win a super Sony DVD recorder if you canname the capital of Australia? Text MQUIZ to 82277. B
0,0,Ok no problem... Yup i'm going to sch at 4 if i rem correctly...
0,0,And stop being an old man. You get to build snowman snow angels and snowball fights.
0,0,I dont have that much image in class.
0,0,Somebody set up a website where you can play hold em using eve online spacebucks
0,0,", ,  and  picking them up from various points | going 2 yeovil | and they will do the motor project 4 3 hours | and then u take them home. || 12 2 5.30 max. || Very easy"
0,0,What pa tell me.. I went to bath:-)
0,0,Pansy! You've been living in a jungle for two years! Its my driving you should be more worried about!
0,0,All e best 4 ur driving tmr :-)
0,0,"Happy or sad , one thing about past is- \Its no more\"" GOOD MORNING :-):-)."""
0,0,Yeah my usual guy's out of town but there're definitely people around I know
0,0,Yeah no probs - last night is obviously catching up with you... Speak soon 
0,0,That sucks. I'll go over so u can do my hair. You'll do it free right?
0,0,Oops. 4 got that bit.
0,0,Yeah that'd pretty much be the best case scenario
0,0,K I'll call you when I'm close
0,0,I have lost 10 kilos as of today!
0,0,Wat makes some people dearer is not just de happiness dat u feel when u meet them but de pain u feel when u miss dem!!!
0,0,Well. Balls. Time to make calls
0,0,Hi. I'm always online on yahoo and would like to chat with you someday
0,0,Thank u!
0,0,Hi juan. Im coming home on fri hey. Of course i expect a welcome party and lots of presents. Ill phone u when i get back. Loads of love nicky x x x x x x x x x
1,1,"FreeMsg Hey U, i just got 1 of these video/pic fones, reply WILD to this txt & ill send U my pics, hurry up Im so bored at work xxx (18 150p/rcvd STOP2stop)"
0,0,I like dis sweater fr mango but no more my size already so irritating.
0,0,Don't forget though that I love you .... And I walk beside you. Watching over you and keeping your heart warm.
0,0,Were somewhere on Fredericksburg
1,0,"Hi ya babe x u 4goten bout me?' scammers getting smart..Though this is a regular vodafone no, if you respond you get further prem rate msg/subscription. Other nos used also. Beware!"
0,0,Did u got that persons story
0,0,"Sir, i am waiting for your call."
0,0,I wnt to buy a BMW car urgently..its vry urgent.but hv a shortage of  &lt;#&gt; Lacs.there is no source to arng dis amt. &lt;#&gt; lacs..thats my prob
1,0,More people are dogging in your area now. Call 09090204448 and join like minded guys. Why not arrange 1 yourself. There's 1 this evening. Aå£1.50 minAPN LS278BB
0,0,ILL B DOWN SOON
0,0,Why must we sit around and wait for summer days to celebrate. Such a magical sight when the worlds dressed in white. Oooooh let there be snow.
0,0,"Hi, wkend ok but journey terrible. Wk not good as have huge back log of marking to do"
0,0,Olol i printed out a forum post by a guy with the exact same  prob which was fixed with a gpu replacement. Hopefully they dont ignore that.
0,0,Same to u...
0,0,I am back. Bit long cos of accident on a30. Had to divert via wadebridge.I had a brilliant weekend thanks. Speak soon. Lots of love
0,0,Hello handsome ! Are you finding that job ? Not being lazy ? Working towards getting back that net for mummy ? Where's my boytoy now ? Does he miss me ?
1,0,Thanks for the Vote. Now sing along with the stars with Karaoke on your mobile. For a FREE link just reply with SING now.
0,0,"Sorry battery died, yeah I'm here"
0,0,We can make a baby in yo tho
0,0,Nope wif my sis lor... Aft bathing my dog then i can bathe... Looks like it's going 2 rain soon.
0,0,Are you this much buzy
1,1,December only! Had your mobile 11mths+? You are entitled to update to the latest colour camera mobile for Free! Call The Mobile Update Co FREE on 08002986906
0,0,Oh ya ya. I remember da. .
0,0,I canåÕt wait for cornwall. Hope tonight isnåÕt too bad as well but itåÕs rock night shite. Anyway iåÕm going for a kip now have a good night. Speak to you soon.
1,1,PRIVATE! Your 2003 Account Statement for 07973788240 shows 800 un-redeemed S. I. M. points. Call 08715203649 Identifier Code: 40533 Expires 31/10/04
0,0,Ugh hopefully the asus ppl dont randomly do a reformat.
0,0,Yo! Howz u? girls never rang after india. L
0,0,HCL chennai requires FRESHERS for voice process.Excellent english needed.Salary upto  &lt;#&gt; .Call Ms.Suman  &lt;#&gt;  for Telephonic interview -via Indyarocks.com
1,1,Dear 0776xxxxxxx U've been invited to XCHAT. This is our final attempt to contact u! Txt CHAT to 86688 150p/MsgrcvdHG/Suite342/2Lands/Row/W1J6HL LDN 18yrs
0,0,Hurt me... Tease me... Make me cry... But in the end of my life when i die plz keep one rose on my grave and say STUPID I MISS U.. HAVE A NICE DAY BSLVYL
0,0,No she didnt. I will search online and let you know.
0,0,Tomorrow i am not going to theatre. . . So i can come wherever u call me. . . Tell me where and when to come tomorrow
0,0,Never y lei... I v lazy... Got wat? Dat day Ì_ send me da url cant work one...
0,0,Yar else i'll thk of all sorts of funny things.
0,0,Ok then i will come to ur home after half an hour
0,0,I like to think there's always the possibility of being in a pub later.
0,0,No chikku nt yet.. Ya i'm free
0,0,Nothing. Can...
0,0,"Goodmorning, today i am late for  &lt;DECIMAL&gt; min."
0,0,Dude ive been seeing a lotta corvettes lately
0,0,Anything lor is she coming?
0,0,Where are you ? You said you would be here when I woke ... :-(
0,0,", how's things? Just a quick question."
1,1,sexy sexy cum and text me im wet and warm and ready for some porn! u up for some fun? THIS MSG IS FREE RECD MSGS 150P INC VAT 2 CANCEL TEXT STOP
1,1,December only! Had your mobile 11mths+? You are entitled to update to the latest colour camera mobile for Free! Call The Mobile Update Co FREE on 08002986906
0,0,Play w computer? Aiyah i tok 2 u lor?
0,0,"We have sent JD for Customer Service cum Accounts Executive to ur mail id, For details contact us"
0,0,"OH YEAH,AND HAV A GREAT TIME IN NEWQUAY-SEND ME A POSTCARD !1 LOOK AFTER ALL THE GIRLS WHILE IM GONE(U KNOW THE 1IM TALKIN BOUT!)xx"
0,0,Lol no. Just trying to make your day a little more interesting
0,0,"She was supposed to be but couldn't make it, she's still in town though"
